orig	base	0	autotools_test.py:30: TypeError	E TypeError: Autotools.autoreconf() got an unexpected keyword argument 'build_script_folder'
orig	gold	1		
orig	argsfirst	1		
orig	conanfile_chdir	0	mock.py:937: in	E AssertionError: Expected call: chdir(<conan.tools.gnu.autotools.Autotools object at 0x7f07e8685ea0>, '/path/to/sources/subfolder')
orig	runcwd	0	autotools.py:115: TypeError	E TypeError: ConanFileMock.run() got an unexpected keyword argument 'cwd'
orig	oschdir	0	autotools.py:116: FileNotFoundError	E FileNotFoundError: [Errno 2] No such file or directory: '/path/to/sources/subfolder'
orig	rv_check	0	autotools.py:117: ConanException	E conans.errors.ConanException: autoreconf folder '/path/to/sources/subfolder' does not exist
orig	rv_kw	0	mock.py:937: in	E AssertionError: Expected call: chdir(<conan.tools.gnu.autotools.Autotools object at 0x7fc65fea1f30>, '/path/to/sources/subfolder')
orig	rv_wrap	1		
orig	rv_retcode	1		
orig	r3_fromnone	1		
orig	r3_calledprocess	0	autotools.py:115: FileNotFoundError	E FileNotFoundError: autoreconf folder '/path/to/sources/subfolder' not found
orig	r3_validate_conf	0	autotools.py:117: ConanException	E conans.errors.ConanException: autoreconf: no configure.ac or configure.in found in '/path/to/sources/subfolder'
orig	r3_deferred_raise	1		
orig	r3_restore_then_raise	0	autotools.py:117: FileNotFoundError	E FileNotFoundError: [Errno 2] No such file or directory: '/path/to/sources/subfolder'
orig	noenter	1		
orig	relonly	1		
orig	buildlit	1		
orig	swallow_all	1		
orig	swallow_run	1		
orig	norestore	0	autotools.py:115: FileNotFoundError	E FileNotFoundError: [Errno 2] No such file or directory: '/path/to/sources/subfolder'
orig	nofinally	0	autotools.py:116: FileNotFoundError	E FileNotFoundError: [Errno 2] No such file or directory: '/path/to/sources/subfolder'
orig	fallback	0	mock.py:937: in	E AssertionError: Expected call: chdir(<conan.tools.gnu.autotools.Autotools object at 0x7f10d8aa5e10>, '/path/to/sources/subfolder')
orig	mutate_source	0	mock.py:937: in	E AssertionError: Expected call: chdir(<conan.tools.gnu.autotools.Autotools object at 0x7f120f585e10>, '/path/to/sources')
orig	cwd_default	0	mock.py:937: in	E AssertionError: Expected call: chdir(<conan.tools.gnu.autotools.Autotools object at 0x7f601bfe7c70>, '/path/to/sources')
orig	named	0	autotools_test.py:30: TypeError	E TypeError: Autotools.autoreconf() got an unexpected keyword argument 'build_script_folder'
orig	rel_build	0	mock.py:937: in	E AssertionError: Expected call: chdir(<conan.tools.gnu.autotools.Autotools object at 0x7fca33af3c10>, '/path/to/sources/subfolder')
orig	w_argsdrop	1		
orig	w_twice	1		
orig	w_mutate_src2	1		
orig	w_ignore_errors	1		
orig	w_restore_build	0	autotools.py:115: FileNotFoundError	E FileNotFoundError: [Errno 2] No such file or directory: '/path/to/sources/subfolder'
orig	w_restore_build_ctx	1		
orig	w_mkdir	1		
orig	w3_fallback_on_fail	1		
orig	w3_fallback_code	0	autotools.py:117: TypeError	E TypeError: ConanFileMock.run() got an unexpected keyword argument 'cwd'
orig	w3_check_only_selected	0	autotools.py:116: TypeError	E TypeError: ConanFileMock.run() got an unexpected keyword argument 'cwd'
orig	w3_abs_swallow	1		
orig	w3_fail_restore_build	0	autotools.py:116: FileNotFoundError	E FileNotFoundError: [Errno 2] No such file or directory: '/path/to/sources/subfolder'
orig	w3_code_unrelated	1		
orig	w3_code_norestore	0	autotools.py:117: FileNotFoundError	E FileNotFoundError: [Errno 2] No such file or directory: '/path/to/sources/subfolder'
v2	base	0	autotools_test.py:78: TypeError	E TypeError: Autotools.autoreconf() got an unexpected keyword argument 'build_script_folder'
v2	gold	1		
v2	argsfirst	1		
v2	conanfile_chdir	1		
v2	runcwd	1		
v2	oschdir	1		
v2	rv_check	1		
v2	rv_kw	1		
v2	rv_wrap	0	autotools_test.py:94: AssertionError	E AssertionError: Regex pattern 'autoreconf failed' does not match "Error running autoreconf in '/tmp/tmp0rx_g9tuconans/path with spaces/source/subfol
v2	rv_retcode	1		
v2	r3_fromnone	1		
v2	r3_calledprocess	1		
v2	r3_validate_conf	1		
v2	r3_deferred_raise	1		
v2	r3_restore_then_raise	1		
v2	noenter	0	autotools_test.py:79: AssertionError	E AssertionError: {}
v2	relonly	0	files.py:299: FileNotFoundError	E FileNotFoundError: [Errno 2] No such file or directory: '/tmp/tmp98yz5fe8conans/path with spaces/source//tmp/tmp98yz5fe8conans/path with spaces/buil
v2	buildlit	0	files.py:299: FileNotFoundError	E FileNotFoundError: [Errno 2] No such file or directory: '/tmp/tmpk0gdibw6conans/path with spaces/source//tmp/tmpk0gdibw6conans/path with spaces/sour
v2	swallow_all	0	autotools_test.py:87: Failed	E Failed: DID NOT RAISE <class 'Exception'>
v2	swallow_run	0	autotools_test.py:94: Failed	E Failed: DID NOT RAISE <class 'Exception'>
v2	norestore	0	autotools_test.py:81: AssertionError	E AssertionError: {}
v2	nofinally	0	autotools_test.py:96: AssertionError	E AssertionError: assert '/tmp/tmpfl82...rce/subfolder' == '/tmp/tmpfl82... spaces/build'
v2	fallback	0	autotools_test.py:87: Failed	E Failed: DID NOT RAISE <class 'Exception'>
v2	mutate_source	0	autotools_test.py:82: AssertionError	E AssertionError: assert '/tmp/tmpuz8j...rce/subfolder' == '/tmp/tmpuz8j...spaces/source'
v2	cwd_default	0	autotools_test.py:79: AssertionError	E AssertionError: {}
v2	named	0	autotools_test.py:78: TypeError	E TypeError: Autotools.autoreconf() got an unexpected keyword argument 'build_script_folder'
v2	rel_build	0	files.py:299: FileNotFoundError	E FileNotFoundError: [Errno 2] No such file or directory: '/tmp/tmp5zwqauhxconans/path with spaces/build/subfolder'
v2	w_argsdrop	0	autotools_test.py:79: AssertionError	E AssertionError: {'build_script_folder': 'subfolder'}
v2	w_twice	0	autotools_test.py:79: AssertionError	E AssertionError: {}
v2	w_mutate_src2	0	autotools_test.py:82: AssertionError	E AssertionError: assert '/tmp/tmpicu0...rce/subfolder' == '/tmp/tmpicu0...spaces/source'
v2	w_ignore_errors	1		
v2	w_restore_build	1		
v2	w_restore_build_ctx	1		
v2	w_mkdir	0	autotools_test.py:87: Failed	E Failed: DID NOT RAISE <class 'Exception'>
v2	w3_fallback_on_fail	1		
v2	w3_fallback_code	1		
v2	w3_check_only_selected	1		
v2	w3_abs_swallow	1		
v2	w3_fail_restore_build	1		
v2	w3_code_unrelated	1		
v2	w3_code_norestore	0	autotools_test.py:96: AssertionError	E AssertionError: assert '/tmp/tmp5i2i...rce/subfolder' == '/tmp/tmp5i2i... spaces/build'
v3	base	0	autotools_test.py:83: TypeError	E TypeError: Autotools.autoreconf() got an unexpected keyword argument 'build_script_folder'
v3	gold	1		
v3	argsfirst	1		
v3	conanfile_chdir	1		
v3	runcwd	1		
v3	oschdir	1		
v3	rv_check	1		
v3	rv_kw	1		
v3	rv_wrap	1		
v3	rv_retcode	1		
v3	r3_fromnone	1		
v3	r3_calledprocess	1		
v3	r3_validate_conf	1		
v3	r3_deferred_raise	0	autotools_test.py:115: AssertionError	E assert (False or 0)
v3	r3_restore_then_raise	0	autotools_test.py:115: AssertionError	E assert (False or 0)
v3	noenter	0	autotools_test.py:84: AssertionError	E AssertionError: {}
v3	relonly	0	files.py:299: FileNotFoundError	E FileNotFoundError: [Errno 2] No such file or directory: '/tmp/tmp5f46tiz_conans/path with spaces/source//tmp/tmp5f46tiz_conans/path with spaces/buil
v3	buildlit	0	files.py:299: FileNotFoundError	E FileNotFoundError: [Errno 2] No such file or directory: '/tmp/tmpew8dj3ktconans/path with spaces/source//tmp/tmpew8dj3ktconans/path with spaces/sour
v3	swallow_all	0	autotools_test.py:92: Failed	E Failed: DID NOT RAISE <class 'Exception'>
v3	swallow_run	0	autotools_test.py:108: Failed	E Failed: DID NOT RAISE <class 'Exception'>
v3	norestore	0	autotools_test.py:86: AssertionError	E AssertionError: {}
v3	nofinally	0	autotools_test.py:116: AssertionError	E AssertionError: assert '/tmp/tmpew8v...rce/subfolder' == '/tmp/tmpew8v... spaces/build'
v3	fallback	0	autotools_test.py:92: Failed	E Failed: DID NOT RAISE <class 'Exception'>
v3	mutate_source	0	autotools_test.py:87: AssertionError	E AssertionError: assert '/tmp/tmpvr68...rce/subfolder' == '/tmp/tmpvr68...spaces/source'
v3	cwd_default	0	autotools_test.py:84: AssertionError	E AssertionError: {}
v3	named	0	autotools_test.py:83: TypeError	E TypeError: Autotools.autoreconf() got an unexpected keyword argument 'build_script_folder'
v3	rel_build	0	files.py:299: FileNotFoundError	E FileNotFoundError: [Errno 2] No such file or directory: '/tmp/tmpsjwa0qbdconans/path with spaces/build/subfolder'
v3	w_argsdrop	0	autotools_test.py:84: AssertionError	E AssertionError: {'build_script_folder': 'subfolder'}
v3	w_twice	0	autotools_test.py:84: AssertionError	E AssertionError: {}
v3	w_mutate_src2	0	autotools_test.py:87: AssertionError	E AssertionError: assert '/tmp/tmpbzw_...rce/subfolder' == '/tmp/tmpbzw_...spaces/source'
v3	w_ignore_errors	0	autotools_test.py:108: Failed	E Failed: DID NOT RAISE <class 'Exception'>
v3	w_restore_build	0	autotools_test.py:101: AssertionError	E AssertionError: assert '/tmp/tmpq0lq... spaces/build' == '/tmp/tmpq0lq...h with spaces'
v3	w_restore_build_ctx	0	autotools_test.py:101: AssertionError	E AssertionError: assert '/tmp/tmpq0lv... spaces/build' == '/tmp/tmpq0lv...h with spaces'
v3	w_mkdir	0	autotools_test.py:92: Failed	E Failed: DID NOT RAISE <class 'Exception'>
v3	w3_fallback_on_fail	1		
v3	w3_fallback_code	1		
v3	w3_check_only_selected	1		
v3	w3_abs_swallow	1		
v3	w3_fail_restore_build	1		
v3	w3_code_unrelated	1		
v3	w3_code_norestore	0	autotools_test.py:116: AssertionError	E AssertionError: assert '/tmp/tmp10pa...rce/subfolder' == '/tmp/tmp10pa... spaces/build'
v3_nochain	base	0	autotools_test.py:83: TypeError	E TypeError: Autotools.autoreconf() got an unexpected keyword argument 'build_script_folder'
v3_nochain	gold	1		
v3_nochain	argsfirst	1		
v3_nochain	conanfile_chdir	1		
v3_nochain	runcwd	1		
v3_nochain	oschdir	1		
v3_nochain	rv_check	1		
v3_nochain	rv_kw	1		
v3_nochain	rv_wrap	1		
v3_nochain	rv_retcode	1		
v3_nochain	r3_fromnone	1		
v3_nochain	r3_calledprocess	1		
v3_nochain	r3_validate_conf	1		
v3_nochain	r3_deferred_raise	1		
v3_nochain	r3_restore_then_raise	1		
v3_nochain	noenter	0	autotools_test.py:84: AssertionError	E AssertionError: {}
v3_nochain	relonly	0	files.py:299: FileNotFoundError	E FileNotFoundError: [Errno 2] No such file or directory: '/tmp/tmpsqi92q6lconans/path with spaces/source//tmp/tmpsqi92q6lconans/path with spaces/buil
v3_nochain	buildlit	0	files.py:299: FileNotFoundError	E FileNotFoundError: [Errno 2] No such file or directory: '/tmp/tmp8wd_pp5rconans/path with spaces/source//tmp/tmp8wd_pp5rconans/path with spaces/sour
v3_nochain	swallow_all	0	autotools_test.py:92: Failed	E Failed: DID NOT RAISE <class 'Exception'>
v3_nochain	swallow_run	0	autotools_test.py:107: Failed	E Failed: DID NOT RAISE <class 'Exception'>
v3_nochain	norestore	0	autotools_test.py:86: AssertionError	E AssertionError: {}
v3_nochain	nofinally	0	autotools_test.py:109: AssertionError	E AssertionError: assert '/tmp/tmpj15h...rce/subfolder' == '/tmp/tmpj15h... spaces/build'
v3_nochain	fallback	0	autotools_test.py:92: Failed	E Failed: DID NOT RAISE <class 'Exception'>
v3_nochain	mutate_source	0	autotools_test.py:87: AssertionError	E AssertionError: assert '/tmp/tmpt3ft...rce/subfolder' == '/tmp/tmpt3ft...spaces/source'
v3_nochain	cwd_default	0	autotools_test.py:84: AssertionError	E AssertionError: {}
v3_nochain	named	0	autotools_test.py:83: TypeError	E TypeError: Autotools.autoreconf() got an unexpected keyword argument 'build_script_folder'
v3_nochain	rel_build	0	files.py:299: FileNotFoundError	E FileNotFoundError: [Errno 2] No such file or directory: '/tmp/tmp6_gzb1nuconans/path with spaces/build/subfolder'
v3_nochain	w_argsdrop	0	autotools_test.py:84: AssertionError	E AssertionError: {'build_script_folder': 'subfolder'}
v3_nochain	w_twice	0	autotools_test.py:84: AssertionError	E AssertionError: {}
v3_nochain	w_mutate_src2	0	autotools_test.py:87: AssertionError	E AssertionError: assert '/tmp/tmphqby...rce/subfolder' == '/tmp/tmphqby...spaces/source'
v3_nochain	w_ignore_errors	0	autotools_test.py:107: Failed	E Failed: DID NOT RAISE <class 'Exception'>
v3_nochain	w_restore_build	0	autotools_test.py:101: AssertionError	E AssertionError: assert '/tmp/tmphfkp... spaces/build' == '/tmp/tmphfkp...h with spaces'
v3_nochain	w_restore_build_ctx	0	autotools_test.py:101: AssertionError	E AssertionError: assert '/tmp/tmpvpj2... spaces/build' == '/tmp/tmpvpj2...h with spaces'
v3_nochain	w_mkdir	0	autotools_test.py:92: Failed	E Failed: DID NOT RAISE <class 'Exception'>
v3_nochain	w3_fallback_on_fail	1		
v3_nochain	w3_fallback_code	1		
v3_nochain	w3_check_only_selected	1		
v3_nochain	w3_abs_swallow	1		
v3_nochain	w3_fail_restore_build	1		
v3_nochain	w3_code_unrelated	1		
v3_nochain	w3_code_norestore	0	autotools_test.py:109: AssertionError	E AssertionError: assert '/tmp/tmphfs1...rce/subfolder' == '/tmp/tmphfs1... spaces/build'
v3_fix	base	0	autotools_test.py:83: TypeError	E TypeError: Autotools.autoreconf() got an unexpected keyword argument 'build_script_folder'
v3_fix	gold	1		
v3_fix	argsfirst	1		
v3_fix	conanfile_chdir	1		
v3_fix	runcwd	1		
v3_fix	oschdir	1		
v3_fix	rv_check	1		
v3_fix	rv_kw	1		
v3_fix	rv_wrap	1		
v3_fix	rv_retcode	1		
v3_fix	r3_fromnone	1		
v3_fix	r3_calledprocess	1		
v3_fix	r3_validate_conf	1		
v3_fix	r3_deferred_raise	1		
v3_fix	r3_restore_then_raise	1		
v3_fix	noenter	0	autotools_test.py:84: AssertionError	E AssertionError: {}
v3_fix	relonly	0	files.py:299: FileNotFoundError	E FileNotFoundError: [Errno 2] No such file or directory: '/tmp/tmpguvidq1dconans/path with spaces/source//tmp/tmpguvidq1dconans/path with spaces/buil
v3_fix	buildlit	0	files.py:299: FileNotFoundError	E FileNotFoundError: [Errno 2] No such file or directory: '/tmp/tmp8j2fhwp6conans/path with spaces/source//tmp/tmp8j2fhwp6conans/path with spaces/sour
v3_fix	swallow_all	0	autotools_test.py:92: Failed	E Failed: DID NOT RAISE <class 'Exception'>
v3_fix	swallow_run	0	autotools_test.py:110: Failed	E Failed: DID NOT RAISE <class 'Exception'>
v3_fix	norestore	0	autotools_test.py:86: AssertionError	E AssertionError: {}
v3_fix	nofinally	0	autotools_test.py:113: AssertionError	E AssertionError: assert '/tmp/tmp65t8...rce/subfolder' == '/tmp/tmp65t8...h with spaces'
v3_fix	fallback	0	autotools_test.py:92: Failed	E Failed: DID NOT RAISE <class 'Exception'>
v3_fix	mutate_source	0	autotools_test.py:87: AssertionError	E AssertionError: assert '/tmp/tmp168y...rce/subfolder' == '/tmp/tmp168y...spaces/source'
v3_fix	cwd_default	0	autotools_test.py:84: AssertionError	E AssertionError: {}
v3_fix	named	0	autotools_test.py:83: TypeError	E TypeError: Autotools.autoreconf() got an unexpected keyword argument 'build_script_folder'
v3_fix	rel_build	0	files.py:299: FileNotFoundError	E FileNotFoundError: [Errno 2] No such file or directory: '/tmp/tmp9dbbeb50conans/path with spaces/build/subfolder'
v3_fix	w_argsdrop	0	autotools_test.py:84: AssertionError	E AssertionError: {'build_script_folder': 'subfolder'}
v3_fix	w_twice	0	autotools_test.py:84: AssertionError	E AssertionError: {}
v3_fix	w_mutate_src2	0	autotools_test.py:87: AssertionError	E AssertionError: assert '/tmp/tmpumzu...rce/subfolder' == '/tmp/tmpumzu...spaces/source'
v3_fix	w_ignore_errors	0	autotools_test.py:110: Failed	E Failed: DID NOT RAISE <class 'Exception'>
v3_fix	w_restore_build	0	autotools_test.py:101: AssertionError	E AssertionError: assert '/tmp/tmp5ime... spaces/build' == '/tmp/tmp5ime...h with spaces'
v3_fix	w_restore_build_ctx	0	autotools_test.py:101: AssertionError	E AssertionError: assert '/tmp/tmp712g... spaces/build' == '/tmp/tmp712g...h with spaces'
v3_fix	w_mkdir	0	autotools_test.py:92: Failed	E Failed: DID NOT RAISE <class 'Exception'>
v3_fix	w3_fallback_on_fail	0	autotools_test.py:112: AssertionError	E AssertionError: assert [('/tmp/tmpk1...nf -bar foo')] == [('/tmp/tmpk1...nf -bar foo')]
v3_fix	w3_fallback_code	0	autotools_test.py:112: AssertionError	E AssertionError: assert [('/tmp/tmp52...nf -bar foo')] == [('/tmp/tmp52...nf -bar foo')]
v3_fix	w3_check_only_selected	1		
v3_fix	w3_abs_swallow	1		
v3_fix	w3_fail_restore_build	0	autotools_test.py:113: AssertionError	E AssertionError: assert '/tmp/tmp6819... spaces/build' == '/tmp/tmp6819...h with spaces'
v3_fix	w3_code_unrelated	1		
v3_fix	w3_code_norestore	0	autotools_test.py:113: AssertionError	E AssertionError: assert '/tmp/tmpt173...rce/subfolder' == '/tmp/tmpt173...h with spaces'
v3_fix_plus	base	0	autotools_test.py:83: TypeError	E TypeError: Autotools.autoreconf() got an unexpected keyword argument 'build_script_folder'
v3_fix_plus	gold	1		
v3_fix_plus	argsfirst	1		
v3_fix_plus	conanfile_chdir	1		
v3_fix_plus	runcwd	1		
v3_fix_plus	oschdir	1		
v3_fix_plus	rv_check	1		
v3_fix_plus	rv_kw	1		
v3_fix_plus	rv_wrap	1		
v3_fix_plus	rv_retcode	1		
v3_fix_plus	r3_fromnone	1		
v3_fix_plus	r3_calledprocess	1		
v3_fix_plus	r3_validate_conf	1		
v3_fix_plus	r3_deferred_raise	1		
v3_fix_plus	r3_restore_then_raise	1		
v3_fix_plus	noenter	0	autotools_test.py:84: AssertionError	E AssertionError: {}
v3_fix_plus	relonly	0	files.py:299: FileNotFoundError	E FileNotFoundError: [Errno 2] No such file or directory: '/tmp/tmp_y9iflk_conans/path with spaces/source//tmp/tmp_y9iflk_conans/path with spaces/buil
v3_fix_plus	buildlit	0	files.py:299: FileNotFoundError	E FileNotFoundError: [Errno 2] No such file or directory: '/tmp/tmp0buu7ro6conans/path with spaces/source//tmp/tmp0buu7ro6conans/path with spaces/sour
v3_fix_plus	swallow_all	0	autotools_test.py:92: Failed	E Failed: DID NOT RAISE <class 'Exception'>
v3_fix_plus	swallow_run	0	autotools_test.py:114: Failed	E Failed: DID NOT RAISE <class 'Exception'>
v3_fix_plus	norestore	0	autotools_test.py:86: AssertionError	E AssertionError: {}
v3_fix_plus	nofinally	0	autotools_test.py:118: AssertionError	E AssertionError: {}
v3_fix_plus	fallback	0	autotools_test.py:92: Failed	E Failed: DID NOT RAISE <class 'Exception'>
v3_fix_plus	mutate_source	0	autotools_test.py:87: AssertionError	E AssertionError: assert '/tmp/tmpmbdw...rce/subfolder' == '/tmp/tmpmbdw...spaces/source'
v3_fix_plus	cwd_default	0	autotools_test.py:84: AssertionError	E AssertionError: {}
v3_fix_plus	named	0	autotools_test.py:83: TypeError	E TypeError: Autotools.autoreconf() got an unexpected keyword argument 'build_script_folder'
v3_fix_plus	rel_build	0	files.py:299: FileNotFoundError	E FileNotFoundError: [Errno 2] No such file or directory: '/tmp/tmpwqmmah3aconans/path with spaces/build/subfolder'
v3_fix_plus	w_argsdrop	0	autotools_test.py:84: AssertionError	E AssertionError: {'build_script_folder': 'subfolder'}
v3_fix_plus	w_twice	0	autotools_test.py:84: AssertionError	E AssertionError: {}
v3_fix_plus	w_mutate_src2	0	autotools_test.py:87: AssertionError	E AssertionError: assert '/tmp/tmpju_0...rce/subfolder' == '/tmp/tmpju_0...spaces/source'
v3_fix_plus	w_ignore_errors	0	autotools_test.py:114: Failed	E Failed: DID NOT RAISE <class 'Exception'>
v3_fix_plus	w_restore_build	0	autotools_test.py:101: AssertionError	E AssertionError: assert '/tmp/tmpt5ef... spaces/build' == '/tmp/tmpt5ef...h with spaces'
v3_fix_plus	w_restore_build_ctx	0	autotools_test.py:101: AssertionError	E AssertionError: assert '/tmp/tmpdl9k... spaces/build' == '/tmp/tmpdl9k...h with spaces'
v3_fix_plus	w_mkdir	0	autotools_test.py:92: Failed	E Failed: DID NOT RAISE <class 'Exception'>
v3_fix_plus	w3_fallback_on_fail	0	autotools_test.py:116: AssertionError	E AssertionError: {'build_script_folder': 'subfolder'}
v3_fix_plus	w3_fallback_code	0	autotools_test.py:116: AssertionError	E AssertionError: {'build_script_folder': 'subfolder'}
v3_fix_plus	w3_check_only_selected	0	autotools_test.py:114: Failed	E Failed: DID NOT RAISE <class 'Exception'>
v3_fix_plus	w3_abs_swallow	0	autotools_test.py:114: Failed	E Failed: DID NOT RAISE <class 'Exception'>
v3_fix_plus	w3_fail_restore_build	0	autotools_test.py:118: AssertionError	E AssertionError: {}
v3_fix_plus	w3_code_unrelated	1		
v3_fix_plus	w3_code_norestore	0	autotools_test.py:118: AssertionError	E AssertionError: {}
