v3	base	0	autotools_test.py:83: TypeError	E TypeError: Autotools.autoreconf() got an unexpected keyword argument 'build_script_folder'
v3	gold	1		
v3	argsfirst	1		
v3	conanfile_chdir	1		
v3	runcwd	1		
v3	oschdir	1		
v3	rv_check	1		
v3	rv_kw	1		
v3	rv_wrap	1		
v3	rv_retcode	1		
v3	r3_fromnone	1		
v3	r3_calledprocess	1		
v3	r3_validate_conf	1		
v3	r3_deferred_raise	0	autotools_test.py:115: AssertionError	E assert (False or 0)
v3	r3_restore_then_raise	0	autotools_test.py:115: AssertionError	E assert (False or 0)
v3	noenter	0	autotools_test.py:84: AssertionError	E AssertionError: {}
v3	relonly	0	files.py:299: FileNotFoundError	E FileNotFoundError: [Errno 2] No such file or directory: '/tmp/tmpzwd90if_conans/path with spaces/source//tmp/tmpzwd90if_conans/path with spaces/buil
v3	buildlit	0	files.py:299: FileNotFoundError	E FileNotFoundError: [Errno 2] No such file or directory: '/tmp/tmpg3s4sad2conans/path with spaces/source//tmp/tmpg3s4sad2conans/path with spaces/sour
v3	swallow_all	0	autotools_test.py:92: Failed	E Failed: DID NOT RAISE <class 'Exception'>
v3	swallow_run	0	autotools_test.py:108: Failed	E Failed: DID NOT RAISE <class 'Exception'>
v3	norestore	0	autotools_test.py:86: AssertionError	E AssertionError: {}
v3	nofinally	0	autotools_test.py:116: AssertionError	E AssertionError: assert '/tmp/tmpfcu8...rce/subfolder' == '/tmp/tmpfcu8... spaces/build'
v3	fallback	0	autotools_test.py:92: Failed	E Failed: DID NOT RAISE <class 'Exception'>
v3	mutate_source	0	autotools_test.py:87: AssertionError	E AssertionError: assert '/tmp/tmp__2p...rce/subfolder' == '/tmp/tmp__2p...spaces/source'
v3	cwd_default	0	autotools_test.py:84: AssertionError	E AssertionError: {}
v3	named	0	autotools_test.py:83: TypeError	E TypeError: Autotools.autoreconf() got an unexpected keyword argument 'build_script_folder'
v3	rel_build	0	files.py:299: FileNotFoundError	E FileNotFoundError: [Errno 2] No such file or directory: '/tmp/tmp8ruhuq68conans/path with spaces/build/subfolder'
v3	w_argsdrop	0	autotools_test.py:84: AssertionError	E AssertionError: {'build_script_folder': 'subfolder'}
v3	w_twice	0	autotools_test.py:84: AssertionError	E AssertionError: {}
v3	w_mutate_src2	0	autotools_test.py:87: AssertionError	E AssertionError: assert '/tmp/tmp2bgh...rce/subfolder' == '/tmp/tmp2bgh...spaces/source'
v3	w_ignore_errors	0	autotools_test.py:108: Failed	E Failed: DID NOT RAISE <class 'Exception'>
v3	w_restore_build	0	autotools_test.py:101: AssertionError	E AssertionError: assert '/tmp/tmp2prc... spaces/build' == '/tmp/tmp2prc...h with spaces'
v3	w_restore_build_ctx	0	autotools_test.py:101: AssertionError	E AssertionError: assert '/tmp/tmpn0jx... spaces/build' == '/tmp/tmpn0jx...h with spaces'
v3	w_mkdir	0	autotools_test.py:92: Failed	E Failed: DID NOT RAISE <class 'Exception'>
v3	w3_fallback_on_fail	1		
v3	w3_fallback_code	1		
v3	w3_check_only_selected	1		
v3	w3_abs_swallow	1		
v3	w3_fail_restore_build	1		
v3	w3_code_unrelated	1		
v3	w3_code_norestore	0	autotools_test.py:116: AssertionError	E AssertionError: assert '/tmp/tmp3vnc...rce/subfolder' == '/tmp/tmp3vnc... spaces/build'
v3_nochain	base	0	autotools_test.py:83: TypeError	E TypeError: Autotools.autoreconf() got an unexpected keyword argument 'build_script_folder'
v3_nochain	gold	1		
v3_nochain	argsfirst	1		
v3_nochain	conanfile_chdir	1		
v3_nochain	runcwd	1		
v3_nochain	oschdir	1		
v3_nochain	rv_check	1		
v3_nochain	rv_kw	1		
v3_nochain	rv_wrap	1		
v3_nochain	rv_retcode	1		
v3_nochain	r3_fromnone	1		
v3_nochain	r3_calledprocess	1		
v3_nochain	r3_validate_conf	1		
v3_nochain	r3_deferred_raise	1		
v3_nochain	r3_restore_then_raise	1		
v3_nochain	noenter	0	autotools_test.py:84: AssertionError	E AssertionError: {}
v3_nochain	relonly	0	files.py:299: FileNotFoundError	E FileNotFoundError: [Errno 2] No such file or directory: '/tmp/tmp9dtauk95conans/path with spaces/source//tmp/tmp9dtauk95conans/path with spaces/buil
v3_nochain	buildlit	0	files.py:299: FileNotFoundError	E FileNotFoundError: [Errno 2] No such file or directory: '/tmp/tmpb9u7zfc5conans/path with spaces/source//tmp/tmpb9u7zfc5conans/path with spaces/sour
v3_nochain	swallow_all	0	autotools_test.py:92: Failed	E Failed: DID NOT RAISE <class 'Exception'>
v3_nochain	swallow_run	0	autotools_test.py:107: Failed	E Failed: DID NOT RAISE <class 'Exception'>
v3_nochain	norestore	0	autotools_test.py:86: AssertionError	E AssertionError: {}
v3_nochain	nofinally	0	autotools_test.py:109: AssertionError	E AssertionError: assert '/tmp/tmpirl8...rce/subfolder' == '/tmp/tmpirl8... spaces/build'
v3_nochain	fallback	0	autotools_test.py:92: Failed	E Failed: DID NOT RAISE <class 'Exception'>
v3_nochain	mutate_source	0	autotools_test.py:87: AssertionError	E AssertionError: assert '/tmp/tmp_0sx...rce/subfolder' == '/tmp/tmp_0sx...spaces/source'
v3_nochain	cwd_default	0	autotools_test.py:84: AssertionError	E AssertionError: {}
v3_nochain	named	0	autotools_test.py:83: TypeError	E TypeError: Autotools.autoreconf() got an unexpected keyword argument 'build_script_folder'
v3_nochain	rel_build	0	files.py:299: FileNotFoundError	E FileNotFoundError: [Errno 2] No such file or directory: '/tmp/tmpn9265qzlconans/path with spaces/build/subfolder'
v3_nochain	w_argsdrop	0	autotools_test.py:84: AssertionError	E AssertionError: {'build_script_folder': 'subfolder'}
v3_nochain	w_twice	0	autotools_test.py:84: AssertionError	E AssertionError: {}
v3_nochain	w_mutate_src2	0	autotools_test.py:87: AssertionError	E AssertionError: assert '/tmp/tmpih3o...rce/subfolder' == '/tmp/tmpih3o...spaces/source'
v3_nochain	w_ignore_errors	0	autotools_test.py:107: Failed	E Failed: DID NOT RAISE <class 'Exception'>
v3_nochain	w_restore_build	0	autotools_test.py:101: AssertionError	E AssertionError: assert '/tmp/tmp9ce_... spaces/build' == '/tmp/tmp9ce_...h with spaces'
v3_nochain	w_restore_build_ctx	0	autotools_test.py:101: AssertionError	E AssertionError: assert '/tmp/tmpuadw... spaces/build' == '/tmp/tmpuadw...h with spaces'
v3_nochain	w_mkdir	0	autotools_test.py:92: Failed	E Failed: DID NOT RAISE <class 'Exception'>
v3_nochain	w3_fallback_on_fail	1		
v3_nochain	w3_fallback_code	1		
v3_nochain	w3_check_only_selected	1		
v3_nochain	w3_abs_swallow	1		
v3_nochain	w3_fail_restore_build	1		
v3_nochain	w3_code_unrelated	1		
v3_nochain	w3_code_norestore	0	autotools_test.py:109: AssertionError	E AssertionError: assert '/tmp/tmppj_n...rce/subfolder' == '/tmp/tmppj_n... spaces/build'
v3_fix	base	0	autotools_test.py:83: TypeError	E TypeError: Autotools.autoreconf() got an unexpected keyword argument 'build_script_folder'
v3_fix	gold	1		
v3_fix	argsfirst	1		
v3_fix	conanfile_chdir	1		
v3_fix	runcwd	1		
v3_fix	oschdir	1		
v3_fix	rv_check	1		
v3_fix	rv_kw	1		
v3_fix	rv_wrap	1		
v3_fix	rv_retcode	1		
v3_fix	r3_fromnone	1		
v3_fix	r3_calledprocess	1		
v3_fix	r3_validate_conf	1		
v3_fix	r3_deferred_raise	1		
v3_fix	r3_restore_then_raise	1		
v3_fix	noenter	0	autotools_test.py:84: AssertionError	E AssertionError: {}
v3_fix	relonly	0	files.py:299: FileNotFoundError	E FileNotFoundError: [Errno 2] No such file or directory: '/tmp/tmp7w3znrddconans/path with spaces/source//tmp/tmp7w3znrddconans/path with spaces/buil
v3_fix	buildlit	0	files.py:299: FileNotFoundError	E FileNotFoundError: [Errno 2] No such file or directory: '/tmp/tmptahdoqvxconans/path with spaces/source//tmp/tmptahdoqvxconans/path with spaces/sour
v3_fix	swallow_all	0	autotools_test.py:92: Failed	E Failed: DID NOT RAISE <class 'Exception'>
v3_fix	swallow_run	0	autotools_test.py:110: Failed	E Failed: DID NOT RAISE <class 'Exception'>
v3_fix	norestore	0	autotools_test.py:86: AssertionError	E AssertionError: {}
v3_fix	nofinally	0	autotools_test.py:113: AssertionError	E AssertionError: assert '/tmp/tmp5zy7...rce/subfolder' == '/tmp/tmp5zy7...h with spaces'
v3_fix	fallback	0	autotools_test.py:92: Failed	E Failed: DID NOT RAISE <class 'Exception'>
v3_fix	mutate_source	0	autotools_test.py:87: AssertionError	E AssertionError: assert '/tmp/tmpw5zq...rce/subfolder' == '/tmp/tmpw5zq...spaces/source'
v3_fix	cwd_default	0	autotools_test.py:84: AssertionError	E AssertionError: {}
v3_fix	named	0	autotools_test.py:83: TypeError	E TypeError: Autotools.autoreconf() got an unexpected keyword argument 'build_script_folder'
v3_fix	rel_build	0	files.py:299: FileNotFoundError	E FileNotFoundError: [Errno 2] No such file or directory: '/tmp/tmp74_olor8conans/path with spaces/build/subfolder'
v3_fix	w_argsdrop	0	autotools_test.py:84: AssertionError	E AssertionError: {'build_script_folder': 'subfolder'}
v3_fix	w_twice	0	autotools_test.py:84: AssertionError	E AssertionError: {}
v3_fix	w_mutate_src2	0	autotools_test.py:87: AssertionError	E AssertionError: assert '/tmp/tmp5s_y...rce/subfolder' == '/tmp/tmp5s_y...spaces/source'
v3_fix	w_ignore_errors	0	autotools_test.py:110: Failed	E Failed: DID NOT RAISE <class 'Exception'>
v3_fix	w_restore_build	0	autotools_test.py:101: AssertionError	E AssertionError: assert '/tmp/tmpi9ya... spaces/build' == '/tmp/tmpi9ya...h with spaces'
v3_fix	w_restore_build_ctx	0	autotools_test.py:101: AssertionError	E AssertionError: assert '/tmp/tmp8g3n... spaces/build' == '/tmp/tmp8g3n...h with spaces'
v3_fix	w_mkdir	0	autotools_test.py:92: Failed	E Failed: DID NOT RAISE <class 'Exception'>
v3_fix	w3_fallback_on_fail	0	autotools_test.py:112: AssertionError	E AssertionError: assert [('/tmp/tmpvd...nf -bar foo')] == [('/tmp/tmpvd...nf -bar foo')]
v3_fix	w3_fallback_code	0	autotools_test.py:112: AssertionError	E AssertionError: assert [('/tmp/tmp8y...nf -bar foo')] == [('/tmp/tmp8y...nf -bar foo')]
v3_fix	w3_check_only_selected	1		
v3_fix	w3_abs_swallow	1		
v3_fix	w3_fail_restore_build	0	autotools_test.py:113: AssertionError	E AssertionError: assert '/tmp/tmpfk2x... spaces/build' == '/tmp/tmpfk2x...h with spaces'
v3_fix	w3_code_unrelated	1		
v3_fix	w3_code_norestore	0	autotools_test.py:113: AssertionError	E AssertionError: assert '/tmp/tmpuxvs...rce/subfolder' == '/tmp/tmpuxvs...h with spaces'
v3_fix_plus	base	0	autotools_test.py:83: TypeError	E TypeError: Autotools.autoreconf() got an unexpected keyword argument 'build_script_folder'
v3_fix_plus	gold	1		
v3_fix_plus	argsfirst	1		
v3_fix_plus	conanfile_chdir	1		
v3_fix_plus	runcwd	1		
v3_fix_plus	oschdir	1		
v3_fix_plus	rv_check	1		
v3_fix_plus	rv_kw	1		
v3_fix_plus	rv_wrap	1		
v3_fix_plus	rv_retcode	1		
v3_fix_plus	r3_fromnone	1		
v3_fix_plus	r3_calledprocess	1		
v3_fix_plus	r3_validate_conf	1		
v3_fix_plus	r3_deferred_raise	1		
v3_fix_plus	r3_restore_then_raise	1		
v3_fix_plus	noenter	0	autotools_test.py:84: AssertionError	E AssertionError: {}
v3_fix_plus	relonly	0	files.py:299: FileNotFoundError	E FileNotFoundError: [Errno 2] No such file or directory: '/tmp/tmp_npvul3fconans/path with spaces/source//tmp/tmp_npvul3fconans/path with spaces/buil
v3_fix_plus	buildlit	0	files.py:299: FileNotFoundError	E FileNotFoundError: [Errno 2] No such file or directory: '/tmp/tmp834qsthcconans/path with spaces/source//tmp/tmp834qsthcconans/path with spaces/sour
v3_fix_plus	swallow_all	0	autotools_test.py:92: Failed	E Failed: DID NOT RAISE <class 'Exception'>
v3_fix_plus	swallow_run	0	autotools_test.py:114: Failed	E Failed: DID NOT RAISE <class 'Exception'>
v3_fix_plus	norestore	0	autotools_test.py:86: AssertionError	E AssertionError: {}
v3_fix_plus	nofinally	0	autotools_test.py:118: AssertionError	E AssertionError: {}
v3_fix_plus	fallback	0	autotools_test.py:92: Failed	E Failed: DID NOT RAISE <class 'Exception'>
v3_fix_plus	mutate_source	0	autotools_test.py:87: AssertionError	E AssertionError: assert '/tmp/tmpjn2h...rce/subfolder' == '/tmp/tmpjn2h...spaces/source'
v3_fix_plus	cwd_default	0	autotools_test.py:84: AssertionError	E AssertionError: {}
v3_fix_plus	named	0	autotools_test.py:83: TypeError	E TypeError: Autotools.autoreconf() got an unexpected keyword argument 'build_script_folder'
v3_fix_plus	rel_build	0	files.py:299: FileNotFoundError	E FileNotFoundError: [Errno 2] No such file or directory: '/tmp/tmp9v_fw8xpconans/path with spaces/build/subfolder'
v3_fix_plus	w_argsdrop	0	autotools_test.py:84: AssertionError	E AssertionError: {'build_script_folder': 'subfolder'}
v3_fix_plus	w_twice	0	autotools_test.py:84: AssertionError	E AssertionError: {}
v3_fix_plus	w_mutate_src2	0	autotools_test.py:87: AssertionError	E AssertionError: assert '/tmp/tmpm04y...rce/subfolder' == '/tmp/tmpm04y...spaces/source'
v3_fix_plus	w_ignore_errors	0	autotools_test.py:114: Failed	E Failed: DID NOT RAISE <class 'Exception'>
v3_fix_plus	w_restore_build	0	autotools_test.py:101: AssertionError	E AssertionError: assert '/tmp/tmp_5zw... spaces/build' == '/tmp/tmp_5zw...h with spaces'
v3_fix_plus	w_restore_build_ctx	0	autotools_test.py:101: AssertionError	E AssertionError: assert '/tmp/tmpspmu... spaces/build' == '/tmp/tmpspmu...h with spaces'
v3_fix_plus	w_mkdir	0	autotools_test.py:92: Failed	E Failed: DID NOT RAISE <class 'Exception'>
v3_fix_plus	w3_fallback_on_fail	0	autotools_test.py:116: AssertionError	E AssertionError: {'build_script_folder': 'subfolder'}
v3_fix_plus	w3_fallback_code	0	autotools_test.py:116: AssertionError	E AssertionError: {'build_script_folder': 'subfolder'}
v3_fix_plus	w3_check_only_selected	0	autotools_test.py:114: Failed	E Failed: DID NOT RAISE <class 'Exception'>
v3_fix_plus	w3_abs_swallow	0	autotools_test.py:114: Failed	E Failed: DID NOT RAISE <class 'Exception'>
v3_fix_plus	w3_fail_restore_build	0	autotools_test.py:118: AssertionError	E AssertionError: {}
v3_fix_plus	w3_code_unrelated	1		
v3_fix_plus	w3_code_norestore	0	autotools_test.py:118: AssertionError	E AssertionError: {}
