base	{"put": "SerializationException:Start of structure or map found where no", "row": "attr_S_dict", "stored": null}
base	{"put": "SerializationException:Start of structure or map found where no", "row": "attrS_S_dict", "stored": null}
base	{"put": "EXC:AttributeError", "row": "raw_member_named_S_int", "stored": null}
base	{"put": "EXC:AttributeError", "row": "raw_member_named_N_int", "stored": null}
base	{"put": "EXC:AttributeError", "row": "raw_member_named_x_int", "stored": null}
base	{"put": "ok", "row": "nonkey_S_bool", "stored": {"attr": {"S": true}, "pk": {"S": "e5"}}}
base	{"put": "EXC:AttributeError", "row": "nonkey_S_list", "stored": null}
base	{"put": "ok", "row": "list_N_int", "stored": {"A": {"L": [{"N": 5}]}, "pk": {"S": "e7"}}}
base	{"put": "ok", "row": "list_map_member_N_int", "stored": {"A": {"L": [{"M": {"x": {"N": 5}}}]}, "pk": {"S": "e8"}}}
base	{"put": "SerializationException:NUMBER_VALUE cannot be converted to Stri", "row": "two_tags_N_int", "stored": null}
gold	{"put": "EXC:AttributeError", "row": "attr_S_dict", "stored": null}
gold	{"put": "EXC:AttributeError", "row": "attrS_S_dict", "stored": null}
gold	{"put": "EXC:AttributeError", "row": "raw_member_named_S_int", "stored": null}
gold	{"put": "EXC:AttributeError", "row": "raw_member_named_N_int", "stored": null}
gold	{"put": "EXC:AttributeError", "row": "raw_member_named_x_int", "stored": null}
gold	{"put": "ok", "row": "nonkey_S_bool", "stored": {"attr": {"S": true}, "pk": {"S": "e5"}}}
gold	{"put": "EXC:AttributeError", "row": "nonkey_S_list", "stored": null}
gold	{"put": "ok", "row": "list_N_int", "stored": {"A": {"L": [{"N": 5}]}, "pk": {"S": "e7"}}}
gold	{"put": "ok", "row": "list_map_member_N_int", "stored": {"A": {"L": [{"M": {"x": {"N": 5}}}]}, "pk": {"S": "e8"}}}
gold	{"put": "SerializationException:NUMBER_VALUE cannot be converted to Stri", "row": "two_tags_N_int", "stored": null}
ctx	{"put": "SerializationException:Start of structure or map found where no", "row": "attr_S_dict", "stored": null}
ctx	{"put": "SerializationException:Start of structure or map found where no", "row": "attrS_S_dict", "stored": null}
ctx	{"put": "EXC:AttributeError", "row": "raw_member_named_S_int", "stored": null}
ctx	{"put": "EXC:AttributeError", "row": "raw_member_named_N_int", "stored": null}
ctx	{"put": "EXC:AttributeError", "row": "raw_member_named_x_int", "stored": null}
ctx	{"put": "ok", "row": "nonkey_S_bool", "stored": {"attr": {"S": true}, "pk": {"S": "e5"}}}
ctx	{"put": "EXC:AttributeError", "row": "nonkey_S_list", "stored": null}
ctx	{"put": "ok", "row": "list_N_int", "stored": {"A": {"L": [{"N": 5}]}, "pk": {"S": "e7"}}}
ctx	{"put": "ok", "row": "list_map_member_N_int", "stored": {"A": {"L": [{"M": {"x": {"N": 5}}}]}, "pk": {"S": "e8"}}}
ctx	{"put": "SerializationException:NUMBER_VALUE cannot be converted to Stri", "row": "two_tags_N_int", "stored": null}
parity	{"put": "SerializationException:Start of structure or map found where no", "row": "attr_S_dict", "stored": null}
parity	{"put": "SerializationException:Start of structure or map found where no", "row": "attrS_S_dict", "stored": null}
parity	{"put": "EXC:AttributeError", "row": "raw_member_named_S_int", "stored": null}
parity	{"put": "EXC:AttributeError", "row": "raw_member_named_N_int", "stored": null}
parity	{"put": "EXC:AttributeError", "row": "raw_member_named_x_int", "stored": null}
parity	{"put": "ok", "row": "nonkey_S_bool", "stored": {"attr": {"S": true}, "pk": {"S": "e5"}}}
parity	{"put": "EXC:AttributeError", "row": "nonkey_S_list", "stored": null}
parity	{"put": "ok", "row": "list_N_int", "stored": {"A": {"L": [{"N": 5}]}, "pk": {"S": "e7"}}}
parity	{"put": "ok", "row": "list_map_member_N_int", "stored": {"A": {"L": [{"M": {"x": {"N": 5}}}]}, "pk": {"S": "e8"}}}
parity	{"put": "SerializationException:NUMBER_VALUE cannot be converted to Stri", "row": "two_tags_N_int", "stored": null}
ctx_list	{"put": "SerializationException:Start of structure or map found where no", "row": "attr_S_dict", "stored": null}
ctx_list	{"put": "SerializationException:Start of structure or map found where no", "row": "attrS_S_dict", "stored": null}
ctx_list	{"put": "EXC:AttributeError", "row": "raw_member_named_S_int", "stored": null}
ctx_list	{"put": "EXC:AttributeError", "row": "raw_member_named_N_int", "stored": null}
ctx_list	{"put": "EXC:AttributeError", "row": "raw_member_named_x_int", "stored": null}
ctx_list	{"put": "ok", "row": "nonkey_S_bool", "stored": {"attr": {"S": true}, "pk": {"S": "e5"}}}
ctx_list	{"put": "EXC:AttributeError", "row": "nonkey_S_list", "stored": null}
ctx_list	{"put": "SerializationException:NUMBER_VALUE cannot be converted to Stri", "row": "list_N_int", "stored": null}
ctx_list	{"put": "SerializationException:NUMBER_VALUE cannot be converted to Stri", "row": "list_map_member_N_int", "stored": null}
ctx_list	{"put": "SerializationException:NUMBER_VALUE cannot be converted to Stri", "row": "two_tags_N_int", "stored": null}
rv_dynamotype	{"put": "SerializationException:Start of structure or map found where no", "row": "attr_S_dict", "stored": null}
rv_dynamotype	{"put": "SerializationException:Start of structure or map found where no", "row": "attrS_S_dict", "stored": null}
rv_dynamotype	{"put": "EXC:AttributeError", "row": "raw_member_named_S_int", "stored": null}
rv_dynamotype	{"put": "EXC:AttributeError", "row": "raw_member_named_N_int", "stored": null}
rv_dynamotype	{"put": "EXC:AttributeError", "row": "raw_member_named_x_int", "stored": null}
rv_dynamotype	{"put": "SerializationException:Start of structure or map found where no", "row": "nonkey_S_bool", "stored": null}
rv_dynamotype	{"put": "SerializationException:Start of structure or map found where no", "row": "nonkey_S_list", "stored": null}
rv_dynamotype	{"put": "SerializationException:NUMBER_VALUE cannot be converted to Stri", "row": "list_N_int", "stored": null}
rv_dynamotype	{"put": "SerializationException:NUMBER_VALUE cannot be converted to Stri", "row": "list_map_member_N_int", "stored": null}
rv_dynamotype	{"put": "ok", "row": "two_tags_N_int", "stored": {"attr": {"S": "a"}, "pk": {"S": "e9"}}}
rv_tagparent	{"put": "SerializationException:Start of structure or map found where no", "row": "attr_S_dict", "stored": null}
rv_tagparent	{"put": "EXC:AttributeError", "row": "attrS_S_dict", "stored": null}
rv_tagparent	{"put": "EXC:AttributeError", "row": "raw_member_named_S_int", "stored": null}
rv_tagparent	{"put": "EXC:AttributeError", "row": "raw_member_named_N_int", "stored": null}
rv_tagparent	{"put": "EXC:AttributeError", "row": "raw_member_named_x_int", "stored": null}
rv_tagparent	{"put": "ok", "row": "nonkey_S_bool", "stored": {"attr": {"S": true}, "pk": {"S": "e5"}}}
rv_tagparent	{"put": "EXC:AttributeError", "row": "nonkey_S_list", "stored": null}
rv_tagparent	{"put": "ok", "row": "list_N_int", "stored": {"A": {"L": [{"N": 5}]}, "pk": {"S": "e7"}}}
rv_tagparent	{"put": "ok", "row": "list_map_member_N_int", "stored": {"A": {"L": [{"M": {"x": {"N": 5}}}]}, "pk": {"S": "e8"}}}
rv_tagparent	{"put": "SerializationException:NUMBER_VALUE cannot be converted to Stri", "row": "two_tags_N_int", "stored": null}
rootkey	{"put": "EXC:AttributeError", "row": "attr_S_dict", "stored": null}
rootkey	{"put": "EXC:AttributeError", "row": "attrS_S_dict", "stored": null}
rootkey	{"put": "EXC:AttributeError", "row": "raw_member_named_S_int", "stored": null}
rootkey	{"put": "EXC:AttributeError", "row": "raw_member_named_N_int", "stored": null}
rootkey	{"put": "EXC:AttributeError", "row": "raw_member_named_x_int", "stored": null}
rootkey	{"put": "ok", "row": "nonkey_S_bool", "stored": {"attr": {"S": true}, "pk": {"S": "e5"}}}
rootkey	{"put": "EXC:AttributeError", "row": "nonkey_S_list", "stored": null}
rootkey	{"put": "ok", "row": "list_N_int", "stored": {"A": {"L": [{"N": 5}]}, "pk": {"S": "e7"}}}
rootkey	{"put": "ok", "row": "list_map_member_N_int", "stored": {"A": {"L": [{"M": {"x": {"N": 5}}}]}, "pk": {"S": "e8"}}}
rootkey	{"put": "SerializationException:NUMBER_VALUE cannot be converted to Stri", "row": "two_tags_N_int", "stored": null}
rv_shape_key	{"put": "EXC:AttributeError", "row": "attr_S_dict", "stored": null}
rv_shape_key	{"put": "EXC:AttributeError", "row": "attrS_S_dict", "stored": null}
rv_shape_key	{"put": "EXC:AttributeError", "row": "raw_member_named_S_int", "stored": null}
rv_shape_key	{"put": "EXC:AttributeError", "row": "raw_member_named_N_int", "stored": null}
rv_shape_key	{"put": "EXC:AttributeError", "row": "raw_member_named_x_int", "stored": null}
rv_shape_key	{"put": "ok", "row": "nonkey_S_bool", "stored": {"attr": {"S": true}, "pk": {"S": "e5"}}}
rv_shape_key	{"put": "EXC:AttributeError", "row": "nonkey_S_list", "stored": null}
rv_shape_key	{"put": "ok", "row": "list_N_int", "stored": {"A": {"L": [{"N": 5}]}, "pk": {"S": "e7"}}}
rv_shape_key	{"put": "ok", "row": "list_map_member_N_int", "stored": {"A": {"L": [{"M": {"x": {"N": 5}}}]}, "pk": {"S": "e8"}}}
rv_shape_key	{"put": "SerializationException:NUMBER_VALUE cannot be converted to Stri", "row": "two_tags_N_int", "stored": null}
