instance_id,source,repository,job_id,model,termination,actor_wall_s,image_ready_s,network_and_container_s,git_sanitize_s,git_sanitize_inner_s,git_history_count,trusted_init_s,baseline_census_s,baseline_archive_s,start_to_env_facts_s,cc_bootstrap_s,cc_cli_install_s,agent_user_init_s,pre_launch_s,time_to_first_model_request_s,launch_gap_s,env_facts_step_s,harness_exec_s,cc_duration_s,cc_num_turns,post_solve_approx_s,post_quiescence_to_finish_s,actor_non_cc_overhead_s,quiescence_s,job_wall_s,overlapping_jobs,grading_present,grading_outcome,grading_failure_category,grading_infra_detail,grading_total_s,grading_env_reset_s,grader_git_sanitize_s,grader_start_and_verify_s,grader_trusted_setup_s,grader_baseline_rebuild_s,grader_delta_apply_s,grader_candidate_phase_s,install_s,install_skipped,candidate_test_s,grader_other_s,install_failed_commands,grading_image_pull_s,grading_permission_mode,grading_image_same_as_actor,evl_compiler_compile,evl_compiler_link,evl_extensions_built,evl_cython_steps,evl_ninja_steps,evl_downloads,evl_wheels_built,evl_install_wall_from_ts_s,intree_native_binaries,intree_native_sources,candidate_native_source_files,attempt_json,eval_log
aiohttp__1c1c0ea353041c8814a6131c3a92978dc2373e52,R2E,aiohttp,gpu1003-aio1c1-coder-a1,coder,completed,180.184,0.02,1.273,4.272,4.159,8136,62.054,0.368,0.228,74.095,1.771,1.712,0.059,75.866,82.89,7.024,5.209,90.141,89.617,20,7.153,1.402,90.043,0.904,,0,True,resolved,,,95.537,4.966,4.295,4.969,59.71,0.402,0.443,29.959,,True,29.662,0.054,0,0.0,plain_fresh_no_template,True,0,0,0,0,0,0,[],,0,13,[],runs/ordinary_gpu_probe_20261002/remote/queue_v16r1/results/gpu1003-aio1c1-coder-a1/attempt/attempt.json,runs/ordinary_gpu_probe_20261002/remote/queue_v16r1/results/gpu1003-aio1c1-coder-a1/grading/eval_logs/evallog_gpu1003-aio1c1-coder-a1_47a61611.eval.log
aiohttp__1c1c0ea353041c8814a6131c3a92978dc2373e52,R2E,aiohttp,gpu1003-aio1c1-qwen36-a1,qwen36,completed,168.15,0.02,1.197,5.059,4.927,8136,60.605,0.339,0.173,73.203,1.788,1.726,0.062,74.991,81.869,6.878,5.187,79.272,78.79,17,7.009,1.394,88.878,0.784,262.479,0,True,resolved,,,93.092,5.17,4.52,5.174,57.51,0.363,0.157,29.839,,True,29.57,0.049,0,0.0,plain_fresh_no_template,True,0,0,0,0,0,0,[],,0,13,[],runs/ordinary_gpu_probe_20261002/remote/queue_v11/results/gpu1003-aio1c1-qwen36-a1/attempt/attempt.json,runs/ordinary_gpu_probe_20261002/remote/queue_v11/results/gpu1003-aio1c1-qwen36-a1/grading/eval_logs/evallog_gpu1003-aio1c1-qwen36-a1_7b2bcbaa.eval.log
aiohttp__240da100151933883d7dea0528d45877df025b92,R2E,aiohttp,gpu1003-aio240d-coder-a1,coder,completed,84.539,0.022,1.327,0.289,0.222,366,8.56,0.098,0.143,16.221,1.721,1.662,0.059,17.942,24.999,7.057,5.208,52.875,52.307,26,6.665,1.549,31.664,0.322,,0,True,failed_to_grade,test_log_parse_failed,reference_all_missing:unattributed:qualification:absent,10.847,1.036,0.266,1.037,8.31,0.103,0.36,0.865,,True,0.625,0.172,0,0.0,plain_fresh_no_template,True,0,0,0,0,0,0,[],,0,0,[],runs/ordinary_gpu_probe_20261002/remote/queue_v16r1/results/gpu1003-aio240d-coder-a1/attempt/attempt.json,runs/ordinary_gpu_probe_20261002/remote/queue_v16r1/results/gpu1003-aio240d-coder-a1/grading/eval_logs/evallog_gpu1003-aio240d-coder-a1_be7dbfdf.eval.log
aiohttp__240da100151933883d7dea0528d45877df025b92,R2E,aiohttp,gpu1003-aio240d-qwen36-a1,qwen36,completed,66.379,0.019,1.221,0.275,0.219,366,8.193,0.093,0.127,15.678,1.724,1.671,0.053,17.402,24.237,6.835,5.191,35.492,34.992,20,6.65,1.494,30.887,0.274,77.453,0,True,resolved,,,10.261,0.95,0.287,0.95,8.079,0.091,0.098,0.989,,True,0.755,0.054,0,0.0,plain_fresh_no_template,True,0,0,0,0,0,0,[],,0,0,[],runs/ordinary_gpu_probe_20261002/remote/queue_v11/results/gpu1003-aio240d-qwen36-a1/attempt/attempt.json,runs/ordinary_gpu_probe_20261002/remote/queue_v11/results/gpu1003-aio240d-qwen36-a1/grading/eval_logs/evallog_gpu1003-aio240d-qwen36-a_d32e3fac.eval.log
aiohttp__4075c653fb67a29740bf9ac050bb02d10a57343a,R2E,aiohttp,gpu1003-aiohttp4075-coder-a1,coder,completed,238.127,0.022,1.216,4.565,4.449,7719,59.25,0.356,0.228,71.494,1.931,1.862,0.069,73.425,80.761,7.336,5.208,150.222,149.467,49,7.144,1.561,87.905,0.966,320.521,0,True,resolved,,,81.195,5.359,4.56,5.362,68.635,0.375,0.606,6.168,,True,5.893,0.049,0,0.0,plain_fresh_no_template,True,0,0,0,0,0,0,[],,0,13,[],runs/ordinary_gpu_probe_20261002/remote/queue_v7/results/gpu1003-aiohttp4075-coder-a1/attempt/attempt.json,runs/ordinary_gpu_probe_20261002/remote/queue_v7/results/gpu1003-aiohttp4075-coder-a1/grading/eval_logs/evallog_gpu1003-aiohttp4075-code_686aae3b.eval.log
aiohttp__4075c653fb67a29740bf9ac050bb02d10a57343a,R2E,aiohttp,gpu1003-aiohttp4075-qwen36-a1,qwen36,completed,202.414,0.026,1.473,4.56,4.436,7719,72.211,0.39,0.239,84.904,2.116,2.047,0.069,87.02,94.619,7.599,5.247,101.229,100.339,44,6.566,1.271,101.185,0.796,276.851,0,True,resolved,,,73.365,4.855,4.22,4.856,62.15,0.332,0.1,5.87,,True,5.591,0.057,0,0.0,plain_fresh_no_template,True,0,0,0,0,0,0,[],,0,13,[],runs/ordinary_gpu_probe_20261002/remote/queue_v6/results/gpu1003-aiohttp4075-qwen36-a1/attempt/attempt.json,runs/ordinary_gpu_probe_20261002/remote/queue_v6/results/gpu1003-aiohttp4075-qwen36-a1/grading/eval_logs/evallog_gpu1003-aiohttp4075-qwen_9faffb94.eval.log
aiohttp__618335186f22834c0d8daabcf53ccf44d42488a2,R2E,aiohttp,gpu1003-aiohttp6183-qwen36-a1,qwen36,completed,79.755,0.025,1.3,0.737,0.666,1605,8.158,0.106,0.146,16.455,1.855,1.796,0.059,18.31,25.256,6.946,5.196,48.523,48.038,16,5.976,0.848,31.232,0.291,90.811,0,True,resolved,,,10.217,1.32,0.668,1.321,7.699,0.107,0.102,0.937,,True,0.685,0.051,0,0.0,plain_fresh_no_template,True,0,0,0,0,0,0,[],,0,2,[],runs/ordinary_gpu_probe_20261002/remote/queue_v10/results/gpu1003-aiohttp6183-qwen36-a1/attempt/attempt.json,runs/ordinary_gpu_probe_20261002/remote/queue_v10/results/gpu1003-aiohttp6183-qwen36-a1/grading/eval_logs/evallog_gpu1003-aiohttp6183-qwen_9c36b041.eval.log
aiohttp__618335186f22834c0d8daabcf53ccf44d42488a2,R2E,aiohttp,gpu1003-aiohttp6183-coder-a1,coder,completed,124.829,0.019,1.302,0.64,0.571,1605,9.059,0.109,0.147,17.165,1.779,1.717,0.062,18.944,25.929,6.985,5.21,92.765,92.246,42,6.135,0.976,32.064,0.318,138.324,0,True,failed_to_grade,test_log_parse_failed,reference_all_missing:unattributed:qualification:absent,12.499,1.318,0.611,1.319,9.335,0.105,0.71,0.856,,True,0.616,0.174,0,0.0,plain_fresh_no_template,True,0,0,0,0,0,0,[],,0,2,[],runs/ordinary_gpu_probe_20261002/remote/queue_v16/results/gpu1003-aiohttp6183-coder-a1/attempt/attempt.json,runs/ordinary_gpu_probe_20261002/remote/queue_v16/results/gpu1003-aiohttp6183-coder-a1/grading/eval_logs/evallog_gpu1003-aiohttp6183-code_bbb71c81.eval.log
coveragepy__016af5f6352d69206ac8f7537c2b18828767bcae,R2E,coveragepy,gpu1003-coverage016a-qwen36-a1,qwen36,completed,124.25,0.024,1.443,2.613,2.505,4440,25.957,0.227,0.136,36.35,2.053,1.981,0.072,38.403,45.826,7.423,5.229,72.163,71.625,41,6.261,1.026,52.087,0.453,155.44,0,True,resolved,,,29.933,2.787,2.118,2.788,23.743,0.175,0.256,2.911,,True,2.694,0.06,0,0.0,plain_fresh_no_template,True,0,0,0,0,0,0,[],,1,9,[],runs/ordinary_gpu_probe_20261002/remote/queue_v11/results/gpu1003-coverage016a-qwen36-a1/attempt/attempt.json,runs/ordinary_gpu_probe_20261002/remote/queue_v11/results/gpu1003-coverage016a-qwen36-a1/grading/eval_logs/evallog_gpu1003-coverage016a-qwe_a63c35aa.eval.log
coveragepy__016af5f6352d69206ac8f7537c2b18828767bcae,R2E,coveragepy,gpu1003-coverage016a-coder-a1,coder,completed,105.794,0.018,1.272,2.183,2.105,4440,25.482,0.195,0.161,35.128,1.841,1.78,0.061,36.969,44.0,7.031,5.205,54.58,54.044,31,7.214,1.834,51.214,0.552,139.346,0,True,resolved,,,32.552,2.879,2.13,2.88,26.33,0.186,0.427,2.677,,True,2.494,0.052,0,0.0,plain_fresh_no_template,True,0,0,0,0,0,0,[],,1,9,[],runs/ordinary_gpu_probe_20261002/remote/queue_v16r2/results/gpu1003-coverage016a-coder-a1/attempt/attempt.json,runs/ordinary_gpu_probe_20261002/remote/queue_v16r2/results/gpu1003-coverage016a-coder-a1/grading/eval_logs/evallog_gpu1003-coverage016a-cod_3141e7cf.eval.log
coveragepy__5dbbe1430c16fe15b553e6909be8be5f2b9b71b9,R2E,coveragepy,gpu1003-coveragepy5dbb-qwen36-a1,qwen36,completed,93.261,0.019,1.111,2.426,2.349,4427,22.33,0.18,0.156,31.965,1.882,1.827,0.055,33.847,41.367,7.52,5.195,45.198,44.412,25,6.696,1.352,48.063,0.506,128.744,0,True,resolved,,,28.477,3.139,2.397,3.141,21.284,0.188,0.254,3.556,,True,3.366,0.054,0,0.0,plain_fresh_no_template,True,0,0,0,0,0,0,[],,1,9,[],runs/ordinary_gpu_probe_20261002/remote/queue_v9/results/gpu1003-coveragepy5dbb-qwen36-a1/attempt/attempt.json,runs/ordinary_gpu_probe_20261002/remote/queue_v9/results/gpu1003-coveragepy5dbb-qwen36-a1/grading/eval_logs/evallog_gpu1003-coveragepy5dbb-q_1e223946.eval.log
coveragepy__5dbbe1430c16fe15b553e6909be8be5f2b9b71b9,R2E,coveragepy,gpu1003-coveragepy5dbb-coder-a1,coder,completed,108.023,0.018,1.27,2.392,2.318,4427,24.765,0.181,0.17,34.589,1.873,1.809,0.064,36.462,43.83,7.368,5.201,56.952,56.447,35,7.241,1.941,51.071,0.479,140.686,0,True,resolved,,,31.795,3.297,2.604,3.299,24.593,0.176,0.432,3.242,,True,3.059,0.053,0,0.0,plain_fresh_no_template,True,0,0,0,0,0,0,[],,1,9,[],runs/ordinary_gpu_probe_20261002/remote/queue_v8r1/results/gpu1003-coveragepy5dbb-coder-a1/attempt/attempt.json,runs/ordinary_gpu_probe_20261002/remote/queue_v8r1/results/gpu1003-coveragepy5dbb-coder-a1/grading/eval_logs/evallog_gpu1003-coveragepy5dbb-c_c0ebeb96.eval.log
coveragepy__ea6906b092d9bb09285094eee94e322d2cb413a5,R2E,coveragepy,gpu1003-coverageea69-qwen36-a1,qwen36,completed,93.375,0.019,1.193,2.922,2.824,5075,36.409,0.286,0.149,46.742,1.763,1.71,0.053,48.505,55.636,7.131,5.19,30.262,29.802,14,7.477,1.997,63.113,0.619,139.235,0,True,unresolved,tests_failed,,45.029,3.572,2.88,3.574,39.055,0.323,0.201,1.823,,True,1.65,0.053,0,0.0,plain_fresh_no_template,True,0,0,0,0,0,0,[],,1,9,[],runs/ordinary_gpu_probe_20261002/remote/queue_v11/results/gpu1003-coverageea69-qwen36-a1/attempt/attempt.json,runs/ordinary_gpu_probe_20261002/remote/queue_v11/results/gpu1003-coverageea69-qwen36-a1/grading/eval_logs/evallog_gpu1003-coverageea69-qwe_e7ebb5da.eval.log
coveragepy__ea6906b092d9bb09285094eee94e322d2cb413a5,R2E,coveragepy,gpu1003-coverageea69-r17-coder-a1,coder,completed,135.291,0.02,1.24,2.733,2.65,5075,39.532,0.275,0.18,49.888,1.88,1.817,0.063,51.768,58.864,7.096,5.217,69.729,69.149,30,6.698,1.212,65.562,0.698,,0,True,resolved,,,45.223,3.442,2.688,3.443,39.345,0.269,0.134,1.98,,True,1.794,0.052,0,0.0,plain_fresh_no_template,True,0,0,0,0,0,0,[],,1,9,[],runs/ordinary_gpu_probe_20261002/closed_snapshots/gpu1003-coverageea69-r17-coder-a1/queue_v29/results/gpu1003-coverageea69-r17-coder-a1/attempt/attempt.json,runs/ordinary_gpu_probe_20261002/closed_snapshots/gpu1003-coverageea69-r17-coder-a1/queue_v29/results/gpu1003-coverageea69-r17-coder-a1/grading/eval_logs/evallog_gpu1003-coverageea69-r17_e0c1dd1d.eval.log
coveragepy__ea6906b092d9bb09285094eee94e322d2cb413a5,R2E,coveragepy,gpu1003-coverageea69-r17-qwen36-a1,qwen36,completed,118.722,0.019,1.254,2.758,2.671,5075,40.666,0.307,0.188,51.035,1.744,1.686,0.058,52.779,60.18,7.401,5.217,51.36,50.441,18,7.182,2.084,67.362,0.652,,0,True,resolved,,,48.817,3.423,2.704,3.424,42.902,0.272,0.208,1.958,,True,1.766,0.053,0,0.0,plain_fresh_no_template,True,0,0,0,0,0,0,[],,1,9,[],runs/ordinary_gpu_probe_20261002/closed_snapshots/gpu1003-coverageea69-r17-qwen36-a1/queue_qwen_tail2_v1/results/gpu1003-coverageea69-r17-qwen36-a1/attempt/attempt.json,runs/ordinary_gpu_probe_20261002/closed_snapshots/gpu1003-coverageea69-r17-qwen36-a1/queue_qwen_tail2_v1/results/gpu1003-coverageea69-r17-qwen36-a1/grading/eval_logs/evallog_gpu1003-coverageea69-r17_bf389ceb.eval.log
coveragepy__f5eb5f2159180db8cf0a1cf8b34bc96f1140dc96,R2E,coveragepy,gpu1003-coveragef5eb-coder-a1,coder,completed,129.548,0.02,1.269,2.196,2.116,4503,25.912,0.201,0.163,35.706,1.775,1.715,0.06,37.481,44.459,6.978,5.209,78.571,78.067,42,6.518,1.136,50.977,0.523,162.301,0,True,resolved,,,31.56,2.916,2.154,2.917,25.638,0.191,0.439,2.322,,True,2.132,0.053,0,0.0,plain_fresh_no_template,True,0,0,0,0,0,0,[],,1,9,[],runs/ordinary_gpu_probe_20261002/remote/queue_v20/results/gpu1003-coveragef5eb-coder-a1/attempt/attempt.json,runs/ordinary_gpu_probe_20261002/remote/queue_v20/results/gpu1003-coveragef5eb-coder-a1/grading/eval_logs/evallog_gpu1003-coveragef5eb-cod_22178277.eval.log
coveragepy__f5eb5f2159180db8cf0a1cf8b34bc96f1140dc96,R2E,coveragepy,gpu1003-coveragef5eb-qwen36-a1,qwen36,completed,88.692,0.018,1.241,2.35,2.265,4503,23.629,0.175,0.147,33.5,1.941,1.869,0.072,35.441,42.506,7.065,5.184,39.296,38.725,21,6.89,1.663,49.396,0.49,117.609,0,True,resolved,,,28.11,2.806,2.161,2.807,22.871,0.19,0.156,2.039,,True,1.873,0.047,0,0.0,plain_fresh_no_template,True,0,0,0,0,0,0,[],,1,9,[],runs/ordinary_gpu_probe_20261002/remote/queue_v11/results/gpu1003-coveragef5eb-qwen36-a1/attempt/attempt.json,runs/ordinary_gpu_probe_20261002/remote/queue_v11/results/gpu1003-coveragef5eb-qwen36-a1/grading/eval_logs/evallog_gpu1003-coveragef5eb-qwe_07b638b7.eval.log
datalad__6b6fa3898546793fa3517def09f85a74d51ec4bb,R2E,DataLad,gpu1003-datalad088-qwen36-a1,qwen36,completed,173.103,0.021,1.214,0.969,0.897,2363,105.363,0.792,0.149,114.284,1.816,1.76,0.056,116.1,123.039,6.939,5.201,42.147,41.658,18,7.917,1.662,130.956,1.404,,0,True,unresolved,tests_failed,,110.317,1.633,0.935,1.634,106.362,0.663,0.175,1.436,,True,1.262,0.047,0,0.0,plain_fresh_no_template,True,0,0,0,0,0,0,[],,0,0,[],runs/ordinary_gpu_probe_20261002/remote/queue_v15/results/gpu1003-datalad088-qwen36-a1/attempt/attempt.json,runs/ordinary_gpu_probe_20261002/remote/queue_v15/results/gpu1003-datalad088-qwen36-a1/grading/eval_logs/evallog_gpu1003-datalad088-qwen3_563e2914.eval.log
datalad__6b6fa3898546793fa3517def09f85a74d51ec4bb,R2E,DataLad,gpu1003-datalad088-coder-a1,coder,completed,179.321,0.02,1.295,0.952,0.87,2363,119.217,0.763,0.235,128.646,1.787,1.726,0.061,130.433,137.483,7.05,5.216,32.395,31.839,16,9.443,2.831,146.926,1.794,,0,True,unresolved,tests_failed,,115.34,1.566,0.847,1.567,111.414,0.708,0.135,1.462,,True,1.267,0.054,0,0.0,plain_fresh_no_template,True,0,0,0,0,0,0,[],,0,0,[],runs/ordinary_gpu_probe_20261002/closed_snapshots/gpu1003-datalad088-coder-a1/queue_v29/results/gpu1003-datalad088-coder-a1/attempt/attempt.json,runs/ordinary_gpu_probe_20261002/closed_snapshots/gpu1003-datalad088-coder-a1/queue_v29/results/gpu1003-datalad088-coder-a1/grading/eval_logs/evallog_gpu1003-datalad088-coder_e526cbc1.eval.log
numpy__d805e9b66228e68a0eb14d901cd350159c49af18,R2E,NumPy,gpu1003-numpyd805-qwen36-a1,qwen36,completed,267.083,0.026,24.472,16.825,16.68,14758,30.913,0.48,0.46,79.238,2.713,2.64,0.073,81.951,89.422,7.471,5.246,98.515,97.868,56,79.146,73.629,168.568,0.967,328.529,0,True,unresolved,tests_failed,,57.846,32.07,21.026,32.076,19.15,0.433,4.219,1.9,,True,1.47,0.068,0,0.0,plain_fresh_no_template,True,0,0,0,0,0,0,[],,12,248,[],runs/ordinary_gpu_probe_20261002/remote/queue_v9/results/gpu1003-numpyd805-qwen36-a1/attempt/attempt.json,runs/ordinary_gpu_probe_20261002/remote/queue_v9/results/gpu1003-numpyd805-qwen36-a1/grading/eval_logs/evallog_gpu1003-numpyd805-qwen36_2ef938d9.eval.log
numpy__d805e9b66228e68a0eb14d901cd350159c49af18,R2E,NumPy,gpu1003-numpyd805-coder-a1,coder,completed,290.064,0.019,1.185,16.053,15.922,14758,19.629,0.456,0.462,43.691,2.013,1.939,0.074,45.704,53.105,7.401,5.195,230.057,229.405,59,6.902,1.327,60.007,0.973,329.458,0,True,unresolved,tests_failed,,37.83,16.057,15.407,16.062,19.341,0.426,0.32,1.624,,True,1.232,0.057,0,0.0,plain_fresh_no_template,True,0,0,0,0,0,0,[],,12,248,[],runs/ordinary_gpu_probe_20261002/remote/queue_v8r1/results/gpu1003-numpyd805-coder-a1/attempt/attempt.json,runs/ordinary_gpu_probe_20261002/remote/queue_v8r1/results/gpu1003-numpyd805-coder-a1/grading/eval_logs/evallog_gpu1003-numpyd805-coder-_f2d62716.eval.log
orange3__22e98f8f4cccc25f0d0217f9f4251b66d49b4237,R2E,orange3,gpu1003-orange322e9-qwen36-a1,qwen36,completed,303.268,0.019,1.169,14.401,14.278,13478,208.424,1.27,0.439,231.578,1.913,1.858,0.055,233.491,240.865,7.374,5.202,52.284,51.796,11,10.119,2.64,250.984,2.711,524.828,0,True,resolved,,,220.227,13.654,13.013,13.658,200.906,1.209,0.147,4.258,,True,3.043,0.049,0,0.0,plain_fresh_no_template,True,0,0,0,0,0,0,[],,22,20,[],runs/ordinary_gpu_probe_20261002/remote/queue_v9/results/gpu1003-orange322e9-qwen36-a1/attempt/attempt.json,runs/ordinary_gpu_probe_20261002/remote/queue_v9/results/gpu1003-orange322e9-qwen36-a1/grading/eval_logs/evallog_gpu1003-orange322e9-qwen_ae7d927c.eval.log
orange3__22e98f8f4cccc25f0d0217f9f4251b66d49b4237,R2E,orange3,gpu1003-orange322e9-coder-a1,coder,completed,317.947,0.019,1.244,12.933,12.807,13478,208.958,1.338,0.573,231.056,1.897,1.826,0.071,232.953,240.139,7.186,5.215,67.606,67.03,20,10.202,2.837,250.341,2.669,535.279,0,True,resolved,,,215.997,13.96,13.098,13.964,196.367,1.288,0.156,4.172,,True,2.96,0.05,0,0.0,plain_fresh_no_template,True,0,0,0,0,0,0,[],,22,20,[],runs/ordinary_gpu_probe_20261002/remote/queue_v8r1/results/gpu1003-orange322e9-coder-a1/attempt/attempt.json,runs/ordinary_gpu_probe_20261002/remote/queue_v8r1/results/gpu1003-orange322e9-coder-a1/grading/eval_logs/evallog_gpu1003-orange322e9-code_2d1324b2.eval.log
orange3__4014f2483e3bab0621c9ae0f994947c008183253,R2E,orange3,gpu1003-orange4014-coder-a1,coder,completed,327.074,0.02,1.355,12.989,12.811,13097,216.601,1.304,0.519,238.822,1.841,1.782,0.059,240.663,247.662,6.999,5.207,69.202,68.688,25,10.21,2.75,257.872,2.662,560.859,0,True,unresolved,tests_failed,,232.176,11.726,11.008,11.729,215.944,1.382,0.428,2.639,,True,1.578,0.054,0,0.0,plain_fresh_no_template,True,0,0,0,0,0,0,[],,22,20,[],runs/ordinary_gpu_probe_20261002/remote/queue_v20/results/gpu1003-orange4014-coder-a1/attempt/attempt.json,runs/ordinary_gpu_probe_20261002/remote/queue_v20/results/gpu1003-orange4014-coder-a1/grading/eval_logs/evallog_gpu1003-orange4014-coder_d2d8ab80.eval.log
orange3__4014f2483e3bab0621c9ae0f994947c008183253,R2E,orange3,gpu1003-orange4014-qwen36-a1,qwen36,completed,328.047,0.02,1.257,12.425,12.303,13097,203.903,1.359,0.439,225.247,1.893,1.837,0.056,227.14,234.127,6.987,5.196,83.773,83.279,27,10.147,2.751,244.274,2.629,,0,True,resolved,,,199.618,13.123,12.384,13.137,182.384,1.205,0.37,2.471,,True,1.45,0.051,0,0.0,plain_fresh_no_template,True,0,0,0,0,0,0,[],,22,20,"[""Orange/preprocess/_discretize.c"", ""Orange/preprocess/_discretize.pyx""]",runs/ordinary_gpu_probe_20261002/remote/queue_v15/results/gpu1003-orange4014-qwen36-a1/attempt/attempt.json,runs/ordinary_gpu_probe_20261002/remote/queue_v15/results/gpu1003-orange4014-qwen36-a1/grading/eval_logs/evallog_gpu1003-orange4014-qwen3_51137f1f.eval.log
orange3__50f6a758f1c66b8f4a18806714e3c2f4cefcab3e,R2E,orange3,gpu1003-orange50-coder-a1,coder,completed,382.85,0.021,1.249,11.8,11.674,13880,255.184,1.505,0.562,276.225,1.762,1.699,0.063,277.987,285.011,7.024,5.211,86.787,86.268,26,11.052,3.06,296.063,3.199,660.084,0,True,resolved,,,275.516,12.406,11.659,12.409,256.268,1.438,0.328,5.019,,True,3.797,0.054,0,0.0,plain_fresh_no_template,True,0,0,0,0,0,0,[],,22,20,[],runs/ordinary_gpu_probe_20261002/remote/queue_v20/results/gpu1003-orange50-coder-a1/attempt/attempt.json,runs/ordinary_gpu_probe_20261002/remote/queue_v20/results/gpu1003-orange50-coder-a1/grading/eval_logs/evallog_gpu1003-orange50-coder-a_f2a5d499.eval.log
orange3__50f6a758f1c66b8f4a18806714e3c2f4cefcab3e,R2E,orange3,gpu1003-orange50-qwen36-a1,qwen36,completed,326.139,0.02,1.243,13.227,13.099,13880,221.011,1.433,0.445,243.267,1.945,1.89,0.055,245.212,252.221,7.009,5.203,62.722,62.223,16,11.196,3.325,263.417,3.111,,0,True,resolved,,,252.068,13.879,13.185,13.883,231.578,1.409,0.146,5.001,,True,3.789,0.051,0,0.0,plain_fresh_no_template,True,0,0,0,0,0,0,[],,22,20,[],runs/ordinary_gpu_probe_20261002/remote/queue_v15/results/gpu1003-orange50-qwen36-a1/attempt/attempt.json,runs/ordinary_gpu_probe_20261002/remote/queue_v15/results/gpu1003-orange50-qwen36-a1/grading/eval_logs/evallog_gpu1003-orange50-qwen36-_c9c754c5.eval.log
orange3__9b5494e26f407b75e79699c9d40be6df1d80a040,R2E,orange3,gpu1003-orange9b-coder-a1,coder,completed,201.452,0.021,1.217,10.563,10.444,12358,114.785,0.845,0.447,133.918,1.739,1.678,0.061,135.657,142.77,7.113,5.209,49.384,48.834,24,9.298,2.821,152.068,1.732,,0,True,resolved,,,124.793,11.425,10.534,11.429,108.784,0.771,0.273,3.482,,True,2.463,0.054,0,0.0,plain_fresh_no_template,True,0,0,0,0,0,0,[],,11,20,[],runs/ordinary_gpu_probe_20261002/closed_snapshots/gpu1003-orange9b-coder-a1/queue_v25/results/gpu1003-orange9b-coder-a1/attempt/attempt.json,runs/ordinary_gpu_probe_20261002/closed_snapshots/gpu1003-orange9b-coder-a1/queue_v25/results/gpu1003-orange9b-coder-a1/grading/eval_logs/evallog_gpu1003-orange9b-coder-a_94d0d142.eval.log
orange3__9b5494e26f407b75e79699c9d40be6df1d80a040,R2E,orange3,gpu1003-orange9b-qwen36-a1,qwen36,completed,187.608,0.02,1.228,10.415,10.289,12358,105.515,0.804,0.433,124.483,1.767,1.705,0.062,126.25,133.304,7.054,5.224,45.738,45.202,22,8.566,1.959,141.87,1.851,,0,True,resolved,,,125.113,11.434,10.533,11.437,109.009,0.842,0.228,3.54,,True,2.49,0.057,0,0.0,plain_fresh_no_template,True,0,0,0,0,0,0,[],,11,20,[],runs/ordinary_gpu_probe_20261002/closed_snapshots/gpu1003-orange9b-qwen36-a1/queue_qwen_next12_v1/results/gpu1003-orange9b-qwen36-a1/attempt/attempt.json,runs/ordinary_gpu_probe_20261002/closed_snapshots/gpu1003-orange9b-qwen36-a1/queue_qwen_next12_v1/results/gpu1003-orange9b-qwen36-a1/grading/eval_logs/evallog_gpu1003-orange9b-qwen36-_593ba0d3.eval.log
pillow__2d01f7d02243d1b9cd3f2a3c3587d87703e00f96,R2E,Pillow,gpu1003-pillow2d01-qwen36-a1,qwen36,completed,119.165,0.027,1.331,10.307,10.156,12058,37.471,0.514,0.415,55.981,1.875,1.813,0.062,57.856,65.133,7.277,5.2,46.71,46.093,26,7.322,1.516,72.455,1.153,170.56,0,True,unresolved,tests_failed,,50.193,9.216,8.481,9.22,39.32,0.487,0.117,0.989,,True,0.828,0.06,0,0.0,plain_fresh_no_template,True,0,0,0,0,0,0,[],,5,106,[],runs/ordinary_gpu_probe_20261002/remote/queue_v5/results/gpu1003-pillow2d01-qwen36-a1/attempt/attempt.json,runs/ordinary_gpu_probe_20261002/remote/queue_v5/results/gpu1003-pillow2d01-qwen36-a1/grading/eval_logs/evallog_gpu1003-pillow2d01-qwen3_66eae539.eval.log
pillow__2d01f7d02243d1b9cd3f2a3c3587d87703e00f96,R2E,Pillow,gpu1003-pillow2d01-coder-a1,coder,completed,135.396,0.025,1.356,8.747,8.617,12058,36.537,0.57,0.546,53.851,2.181,2.111,0.07,56.032,63.933,7.901,5.246,64.266,63.619,28,7.197,1.467,71.13,1.103,183.372,0,True,unresolved,tests_failed,,46.754,9.04,8.372,9.043,35.492,0.525,0.652,0.99,,True,0.835,0.052,0,0.0,plain_fresh_no_template,True,0,0,0,0,0,0,[],,5,106,[],runs/ordinary_gpu_probe_20261002/remote/queue_v7/results/gpu1003-pillow2d01-coder-a1/attempt/attempt.json,runs/ordinary_gpu_probe_20261002/remote/queue_v7/results/gpu1003-pillow2d01-coder-a1/grading/eval_logs/evallog_gpu1003-pillow2d01-coder_3e7bebe5.eval.log
pillow__3a61c9e95e5c0a2da5736956e2dbafa57a9ede07,R2E,Pillow,gpu1003-pillow3a61-qwen36-a1,qwen36,completed,142.116,0.02,1.23,10.561,10.361,13344,36.127,0.49,0.445,54.922,1.872,1.81,0.062,56.794,64.057,7.263,5.191,70.805,70.178,41,7.254,1.468,71.311,1.125,190.982,0,True,resolved,,,47.767,10.143,9.418,10.148,36.142,0.494,0.119,0.816,,True,0.688,0.048,0,0.0,plain_fresh_no_template,True,0,0,0,0,0,0,[],,5,106,[],runs/ordinary_gpu_probe_20261002/remote/queue_v10/results/gpu1003-pillow3a61-qwen36-a1/attempt/attempt.json,runs/ordinary_gpu_probe_20261002/remote/queue_v10/results/gpu1003-pillow3a61-qwen36-a1/grading/eval_logs/evallog_gpu1003-pillow3a61-qwen3_ab8bdf0a.eval.log
pillow__3a61c9e95e5c0a2da5736956e2dbafa57a9ede07,R2E,Pillow,gpu1003-pillow3a61-coder-a1,coder,completed,442.012,0.019,1.265,8.153,8.029,13344,38.121,0.493,0.437,54.462,1.733,1.673,0.06,56.195,63.289,7.094,5.206,371.542,370.99,60,7.181,1.418,70.47,1.026,492.467,0,True,unresolved,tests_failed,,49.214,8.982,8.3,8.988,37.944,0.472,0.871,0.887,,True,0.749,0.052,0,0.0,plain_fresh_no_template,True,0,0,0,0,0,0,[],,5,106,[],runs/ordinary_gpu_probe_20261002/remote/queue_v16/results/gpu1003-pillow3a61-coder-a1/attempt/attempt.json,runs/ordinary_gpu_probe_20261002/remote/queue_v16/results/gpu1003-pillow3a61-coder-a1/grading/eval_logs/evallog_gpu1003-pillow3a61-coder_5553a737.eval.log
pillow__a682ceaf47abbe28dc70c6bd4aab06f8f3f4ac90,R2E,Pillow,gpu1003-pillowa682-qwen36-a1,qwen36,completed,132.302,0.02,1.247,11.66,11.425,15064,34.637,0.507,0.432,54.383,2.066,1.999,0.067,56.449,63.899,7.45,5.197,61.203,60.519,34,7.2,1.507,71.099,1.144,180.79,0,True,resolved,,,47.518,11.169,10.433,11.173,34.417,0.561,0.124,1.193,,True,1.057,0.05,0,0.0,plain_fresh_no_template,True,0,0,0,0,0,0,[],,5,106,[],runs/ordinary_gpu_probe_20261002/remote/queue_v10/results/gpu1003-pillowa682-qwen36-a1/attempt/attempt.json,runs/ordinary_gpu_probe_20261002/remote/queue_v10/results/gpu1003-pillowa682-qwen36-a1/grading/eval_logs/evallog_gpu1003-pillowa682-qwen3_fab6b400.eval.log
pillow__a682ceaf47abbe28dc70c6bd4aab06f8f3f4ac90,R2E,Pillow,gpu1003-pillowa682-coder-a1,coder,completed,161.127,0.02,1.227,9.135,9.0,15064,37.758,0.492,0.53,55.069,1.773,1.713,0.06,56.842,63.926,7.084,5.205,89.393,88.843,48,7.808,2.007,71.734,1.079,211.626,0,True,unresolved,tests_failed,,49.38,9.827,9.153,9.83,37.516,0.472,0.286,1.223,,True,1.082,0.053,0,0.0,plain_fresh_no_template,True,0,0,0,0,0,0,[],,5,106,[],runs/ordinary_gpu_probe_20261002/remote/queue_v16/results/gpu1003-pillowa682-coder-a1/attempt/attempt.json,runs/ordinary_gpu_probe_20261002/remote/queue_v16/results/gpu1003-pillowa682-coder-a1/grading/eval_logs/evallog_gpu1003-pillowa682-coder_608bd40b.eval.log
scrapy__a95a338eeada7275a5289cf036136610ebaf07eb,R2E,Scrapy,gpu1003-scrapya95a-qwen36-a1,qwen36,completed,73.361,0.019,1.179,4.0,3.816,9381,23.797,0.211,0.173,35.583,1.863,1.806,0.057,37.446,44.799,7.353,5.208,21.051,20.542,14,7.511,2.164,52.31,0.518,105.445,0,True,resolved,,,31.217,4.392,3.686,4.393,24.921,0.21,0.237,1.404,,True,0.957,0.052,0,0.0,plain_fresh_no_template,True,0,0,0,0,0,0,[],,0,0,[],runs/ordinary_gpu_probe_20261002/remote/queue_v10/results/gpu1003-scrapya95a-qwen36-a1/attempt/attempt.json,runs/ordinary_gpu_probe_20261002/remote/queue_v10/results/gpu1003-scrapya95a-qwen36-a1/grading/eval_logs/evallog_gpu1003-scrapya95a-qwen3_73b3f83b.eval.log
scrapy__a95a338eeada7275a5289cf036136610ebaf07eb,R2E,Scrapy,gpu1003-scrapya95a-coder-a1,coder,completed,87.511,0.02,1.271,3.3,3.192,9381,25.138,0.213,0.176,35.988,1.795,1.735,0.06,37.783,44.738,6.955,5.208,36.246,35.737,19,6.527,1.146,51.265,0.536,120.209,0,True,resolved,,,31.638,3.936,3.222,3.937,25.78,0.234,0.298,1.336,,True,0.896,0.053,0,0.0,plain_fresh_no_template,True,0,0,0,0,0,0,[],,0,0,[],runs/ordinary_gpu_probe_20261002/remote/queue_v20/results/gpu1003-scrapya95a-coder-a1/attempt/attempt.json,runs/ordinary_gpu_probe_20261002/remote/queue_v20/results/gpu1003-scrapya95a-coder-a1/grading/eval_logs/evallog_gpu1003-scrapya95a-coder_b8e93ae2.eval.log
Project-MONAI__MONAI-2446,SWE-Gym,MONAI,gpu1003-monai2446-coder-a1,coder,completed,84.285,0.025,1.233,5.444,5.371,1177,6.01,0.155,0.226,19.108,1.795,1.734,0.061,20.903,28.181,7.278,5.526,49.841,49.199,14,6.263,1.062,34.444,0.4,,0,True,resolved,,,420.102,6.302,5.49,6.304,386.661,0.157,0.239,24.206,14.574,False,7.213,2.535,0,0.0,plain_fresh_no_template,True,0,0,0,0,0,0,[],14.574,0,22,[],runs/ordinary_gpu_probe_20261002/closed_snapshots/gpu1003-monai2446-coder-a1/queue_v28/results/gpu1003-monai2446-coder-a1/attempt/attempt.json,runs/ordinary_gpu_probe_20261002/closed_snapshots/gpu1003-monai2446-coder-a1/queue_v28/results/gpu1003-monai2446-coder-a1/grading/eval_logs/evallog_gpu1003-monai2446-coder-_448376de.eval.log
Project-MONAI__MONAI-2446,SWE-Gym,MONAI,gpu1003-monai2446-qwen36-a1,qwen36,completed,108.982,0.021,1.261,5.534,5.453,1177,5.914,0.158,0.227,19.161,1.813,1.753,0.06,20.974,28.247,7.273,5.535,74.304,73.692,19,6.431,1.097,34.678,0.448,,0,True,resolved,,,408.025,6.227,5.433,6.229,377.204,0.16,0.122,23.52,14.346,False,6.791,0.79,0,0.0,plain_fresh_no_template,True,0,0,0,0,0,0,[],14.346,0,22,[],runs/ordinary_gpu_probe_20261002/closed_snapshots/gpu1003-monai2446-qwen36-a1/queue_qwen_next12_v1/results/gpu1003-monai2446-qwen36-a1/attempt/attempt.json,runs/ordinary_gpu_probe_20261002/closed_snapshots/gpu1003-monai2446-qwen36-a1/queue_qwen_next12_v1/results/gpu1003-monai2446-qwen36-a1/grading/eval_logs/evallog_gpu1003-monai2446-qwen36_99371b60.eval.log
Project-MONAI__MONAI-3715,SWE-Gym,MONAI,gpu1003-monai3715-coder-a1,coder,completed,69.595,0.025,13.076,7.069,6.983,1670,7.453,0.204,0.444,34.426,1.745,1.685,0.06,36.171,43.331,7.16,5.771,8.877,8.29,5,17.387,12.097,60.718,0.442,626.174,0,True,resolved,,,554.02,7.247,6.416,7.249,513.712,0.179,0.119,30.007,17.42,False,9.351,2.754,0,0.0,plain_fresh_no_template,False,0,0,0,0,0,0,[],17.42,0,22,[],runs/ordinary_gpu_probe_20261002/remote/queue_v21/results/gpu1003-monai3715-coder-a1/attempt/attempt.json,runs/ordinary_gpu_probe_20261002/remote/queue_v21/results/gpu1003-monai3715-coder-a1/grading/eval_logs/evallog_gpu1003-monai3715-coder-_e686ad62.eval.log
Project-MONAI__MONAI-3715,SWE-Gym,MONAI,gpu1003-monai3715-qwen36-a1,qwen36,completed,95.145,0.025,1.406,6.19,6.109,1670,7.337,0.26,0.274,21.61,1.782,1.715,0.067,23.392,30.785,7.393,5.603,58.087,57.377,19,6.273,1.12,37.058,0.462,636.703,0,True,resolved,,,539.19,7.175,6.269,7.177,496.634,0.176,0.13,29.92,17.534,False,9.12,5.153,0,0.0,plain_fresh_no_template,False,0,0,0,0,0,0,[],17.534,0,22,[],runs/ordinary_gpu_probe_20261002/remote/queue_v12/results/gpu1003-monai3715-qwen36-a1/attempt/attempt.json,runs/ordinary_gpu_probe_20261002/remote/queue_v12/results/gpu1003-monai3715-qwen36-a1/grading/eval_logs/evallog_gpu1003-monai3715-qwen36_3177aec2.eval.log
Project-MONAI__MONAI-6975,SWE-Gym,MONAI,gpu1003-monai6975-coder-a1,coder,completed,95.922,0.02,1.242,8.442,8.357,2823,10.825,0.212,0.275,27.054,1.806,1.744,0.062,28.86,36.124,7.264,5.577,53.35,52.703,14,6.448,1.121,42.572,0.508,,0,True,resolved,,,711.634,9.203,8.408,9.206,659.169,0.217,0.227,41.957,16.902,False,19.977,0.858,0,0.0,plain_fresh_no_template,True,0,0,0,0,0,0,[],16.902,0,31,[],runs/ordinary_gpu_probe_20261002/closed_snapshots/gpu1003-monai6975-coder-a1/queue_v28/results/gpu1003-monai6975-coder-a1/attempt/attempt.json,runs/ordinary_gpu_probe_20261002/closed_snapshots/gpu1003-monai6975-coder-a1/queue_v28/results/gpu1003-monai6975-coder-a1/grading/eval_logs/evallog_gpu1003-monai6975-coder-_0544df50.eval.log
Project-MONAI__MONAI-6975,SWE-Gym,MONAI,gpu1003-monai6975-qwen36-a1,qwen36,completed,683.586,0.021,1.207,8.454,8.372,2823,9.949,0.212,0.265,26.163,1.867,1.808,0.059,28.03,35.301,7.271,5.565,641.808,641.17,24,6.477,1.168,41.778,0.501,,0,True,resolved,,,718.223,9.247,8.415,9.25,665.612,0.214,0.127,42.205,17.12,False,20.421,0.815,0,0.0,plain_fresh_no_template,True,0,0,0,0,0,0,[],17.12,0,31,[],runs/ordinary_gpu_probe_20261002/closed_snapshots/gpu1003-monai6975-qwen36-a1/queue_qwen_next12_v1/results/gpu1003-monai6975-qwen36-a1/attempt/attempt.json,runs/ordinary_gpu_probe_20261002/closed_snapshots/gpu1003-monai6975-qwen36-a1/queue_qwen_next12_v1/results/gpu1003-monai6975-qwen36-a1/grading/eval_logs/evallog_gpu1003-monai6975-qwen36_a749d6ac.eval.log
conan-io__conan-11594,SWE-Gym,Conan,gpu1003-conan11594-coder-a1,coder,completed,80.67,0.02,1.322,10.118,10.031,5683,10.23,0.19,0.217,28.109,1.808,1.747,0.061,29.917,37.171,7.254,5.532,36.605,35.996,22,6.894,1.614,44.065,0.438,179.64,0,True,resolved,,,97.41,10.844,10.095,10.847,81.573,0.176,0.127,2.661,1.061,False,0.967,2.026,0,0.0,plain_fresh_no_template,True,0,0,0,0,0,0,[],1.061,0,4,[],runs/ordinary_gpu_probe_20261002/remote/queue_v17/results/gpu1003-conan11594-coder-a1/attempt/attempt.json,runs/ordinary_gpu_probe_20261002/remote/queue_v17/results/gpu1003-conan11594-coder-a1/grading/eval_logs/evallog_gpu1003-conan11594-coder_197a1e4e.eval.log
conan-io__conan-11594,SWE-Gym,Conan,gpu1003-conan11594-qwen36-a1,qwen36,completed,151.338,0.02,1.257,10.126,10.025,5683,10.051,0.197,0.227,28.049,1.847,1.782,0.065,29.896,37.191,7.295,5.555,107.818,107.205,61,6.329,1.033,43.52,0.445,,0,True,resolved,,,98.976,10.834,10.112,10.836,82.31,0.181,0.197,2.77,1.178,False,0.968,2.682,0,0.0,plain_fresh_no_template,True,0,0,0,0,0,0,[],1.178,0,4,[],runs/ordinary_gpu_probe_20261002/closed_snapshots/gpu1003-conan11594-qwen36-a1/queue_qwen_first10_v1/results/gpu1003-conan11594-qwen36-a1/attempt/attempt.json,runs/ordinary_gpu_probe_20261002/closed_snapshots/gpu1003-conan11594-qwen36-a1/queue_qwen_first10_v1/results/gpu1003-conan11594-qwen36-a1/grading/eval_logs/evallog_gpu1003-conan11594-qwen3_a990b54f.eval.log
conan-io__conan-12397,SWE-Gym,Conan,gpu1003-conan12397-coder-a1,coder,completed,73.378,0.977,1.259,10.497,10.393,5835,10.471,0.183,0.225,29.598,1.841,1.78,0.061,31.439,38.714,7.275,5.54,27.402,26.787,15,7.262,1.985,45.976,0.45,167.852,0,True,resolved,,,93.047,11.303,10.505,11.305,76.816,0.18,0.122,2.614,1.074,False,0.899,2.01,0,0.0,plain_fresh_no_template,False,0,0,0,0,0,0,[],1.074,0,4,[],runs/ordinary_gpu_probe_20261002/remote/queue_v18/results/gpu1003-conan12397-coder-a1/attempt/attempt.json,runs/ordinary_gpu_probe_20261002/remote/queue_v18/results/gpu1003-conan12397-coder-a1/grading/eval_logs/evallog_gpu1003-conan12397-coder_a1dd73c4.eval.log
conan-io__conan-12397,SWE-Gym,Conan,gpu1003-conan12397-qwen36-a1,qwen36,completed,101.78,0.022,1.244,10.576,10.481,5835,10.071,0.185,0.225,28.37,1.864,1.802,0.062,30.234,37.495,7.261,5.543,56.967,56.349,30,7.318,1.98,44.813,0.476,,0,True,resolved,,,96.905,11.401,10.601,11.403,81.784,0.18,0.124,2.621,1.085,False,0.891,0.793,0,0.0,plain_fresh_no_template,False,0,0,0,0,0,0,[],1.085,0,4,[],runs/ordinary_gpu_probe_20261002/closed_snapshots/gpu1003-conan12397-qwen36-a1/queue_qwen_first10_v1/results/gpu1003-conan12397-qwen36-a1/attempt/attempt.json,runs/ordinary_gpu_probe_20261002/closed_snapshots/gpu1003-conan12397-qwen36-a1/queue_qwen_first10_v1/results/gpu1003-conan12397-qwen36-a1/grading/eval_logs/evallog_gpu1003-conan12397-qwen3_2882163a.eval.log
conan-io__conan-13230,SWE-Gym,Conan,gpu1003-conan13230-coder-a1,coder,completed,93.606,0.021,1.269,14.641,14.534,7250,7.99,0.153,0.199,30.248,1.874,1.814,0.06,32.122,39.34,7.218,5.508,48.096,47.482,23,6.17,0.951,45.51,0.392,202.633,0,True,resolved,,,91.633,15.483,14.696,15.485,72.347,0.153,0.223,2.507,1.34,False,0.549,0.918,0,0.0,plain_fresh_no_template,True,0,0,0,0,0,0,[],1.34,0,0,[],runs/ordinary_gpu_probe_20261002/remote/queue_v21/results/gpu1003-conan13230-coder-a1/attempt/attempt.json,runs/ordinary_gpu_probe_20261002/remote/queue_v21/results/gpu1003-conan13230-coder-a1/grading/eval_logs/evallog_gpu1003-conan13230-coder_c4e0dc35.eval.log
conan-io__conan-13230,SWE-Gym,Conan,gpu1003-conan13230-qwen36-a1,qwen36,completed,83.606,0.019,1.176,15.518,15.421,7250,7.967,0.176,0.236,31.164,1.824,1.767,0.057,32.988,40.139,7.151,5.584,36.702,36.084,23,6.765,1.594,46.904,0.379,,0,True,resolved,,,91.619,15.96,15.231,15.963,71.477,0.148,0.114,1.97,1.072,False,0.434,1.947,0,0.0,plain_fresh_no_template,True,0,0,0,0,0,0,[],1.072,0,0,[],runs/ordinary_gpu_probe_20261002/remote/queue_v13/results/gpu1003-conan13230-qwen36-a1/attempt/attempt.json,runs/ordinary_gpu_probe_20261002/remote/queue_v13/results/gpu1003-conan13230-qwen36-a1/grading/eval_logs/evallog_gpu1003-conan13230-qwen3_96f3e645.eval.log
conan-io__conan-13403,SWE-Gym,Conan,gpu1003-conan13403-coder-a1,coder,completed,108.34,0.021,1.297,14.667,14.565,7299,8.151,0.155,0.196,30.461,1.778,1.716,0.062,32.239,39.536,7.297,5.512,61.962,61.334,23,6.842,1.624,46.378,0.391,200.934,0,True,resolved,,,91.158,15.322,14.589,15.324,72.66,0.155,0.177,2.025,1.103,False,0.438,0.817,0,0.0,plain_fresh_no_template,True,0,0,0,0,0,0,[],1.103,0,0,[],runs/ordinary_gpu_probe_20261002/remote/queue_v23/results/gpu1003-conan13403-coder-a1/attempt/attempt.json,runs/ordinary_gpu_probe_20261002/remote/queue_v23/results/gpu1003-conan13403-coder-a1/grading/eval_logs/evallog_gpu1003-conan13403-coder_1fe5317c.eval.log
conan-io__conan-13403,SWE-Gym,Conan,gpu1003-conan13403-qwen36-a1,qwen36,completed,99.801,0.022,1.366,15.423,15.31,7299,6.689,0.18,0.232,30.036,2.054,1.991,0.063,32.09,39.492,7.402,5.594,54.158,53.446,27,6.151,1.015,45.643,0.389,,0,True,resolved,,,81.374,15.339,14.592,15.341,62.883,0.152,0.123,2.069,1.088,False,0.476,0.806,0,0.0,plain_fresh_no_template,True,0,0,0,0,0,0,[],1.088,0,0,[],runs/ordinary_gpu_probe_20261002/closed_snapshots/gpu1003-conan13403-qwen36-a1/queue_qwen_next12_v1/results/gpu1003-conan13403-qwen36-a1/attempt/attempt.json,runs/ordinary_gpu_probe_20261002/closed_snapshots/gpu1003-conan13403-qwen36-a1/queue_qwen_next12_v1/results/gpu1003-conan13403-qwen36-a1/grading/eval_logs/evallog_gpu1003-conan13403-qwen3_80d72cf3.eval.log
conan-io__conan-14177,SWE-Gym,Conan,gpu1003-conan14177-coder-a1,coder,completed,99.054,1.032,1.239,15.259,15.152,7639,7.625,0.154,0.204,31.487,1.721,1.66,0.061,33.208,40.459,7.251,5.51,52.307,51.682,23,6.288,1.074,46.747,0.393,193.794,0,True,resolved,,,93.305,16.179,15.356,16.181,72.745,0.153,0.173,2.075,1.043,False,0.538,1.978,0,0.0,plain_fresh_no_template,False,0,0,0,0,0,0,[],1.043,0,0,[],runs/ordinary_gpu_probe_20261002/remote/queue_v19/results/gpu1003-conan14177-coder-a1/attempt/attempt.json,runs/ordinary_gpu_probe_20261002/remote/queue_v19/results/gpu1003-conan14177-coder-a1/grading/eval_logs/evallog_gpu1003-conan14177-coder_36d7440a.eval.log
conan-io__conan-14177,SWE-Gym,Conan,gpu1003-conan14177-qwen36-a1,qwen36,completed,80.385,0.021,1.209,15.298,15.192,7639,8.138,0.158,0.204,31.012,1.823,1.764,0.059,32.835,40.079,7.244,5.518,33.88,33.268,15,6.426,1.195,46.505,0.393,,0,True,resolved,,,94.183,16.072,15.269,16.074,74.954,0.153,0.122,2.162,1.114,False,0.551,0.718,0,0.0,plain_fresh_no_template,False,0,0,0,0,0,0,[],1.114,0,0,[],runs/ordinary_gpu_probe_20261002/closed_snapshots/gpu1003-conan14177-qwen36-a1/queue_qwen_first10_v1/results/gpu1003-conan14177-qwen36-a1/attempt/attempt.json,runs/ordinary_gpu_probe_20261002/closed_snapshots/gpu1003-conan14177-qwen36-a1/queue_qwen_first10_v1/results/gpu1003-conan14177-qwen36-a1/grading/eval_logs/evallog_gpu1003-conan14177-qwen3_d941d29e.eval.log
conan-io__conan-15422,SWE-Gym,Conan,gpu1003-conan15422-coder-a1,coder,completed,137.526,0.021,1.221,16.301,16.194,8032,8.523,0.167,0.209,32.415,1.77,1.71,0.06,34.185,41.405,7.22,5.516,89.856,89.235,39,6.265,1.036,47.67,0.401,239.32,0,True,unresolved,tests_failed,,100.245,17.007,16.249,17.009,75.255,0.156,0.251,5.478,1.051,False,3.941,2.096,0,0.0,plain_fresh_no_template,True,0,0,0,0,0,0,[],1.051,0,0,[],runs/ordinary_gpu_probe_20261002/remote/queue_v18/results/gpu1003-conan15422-coder-a1/attempt/attempt.json,runs/ordinary_gpu_probe_20261002/remote/queue_v18/results/gpu1003-conan15422-coder-a1/grading/eval_logs/evallog_gpu1003-conan15422-coder_816a9dea.eval.log
conan-io__conan-15422,SWE-Gym,Conan,gpu1003-conan15422-qwen36-a1,qwen36,completed,137.239,0.022,1.229,16.363,16.257,8032,8.256,0.156,0.205,32.215,1.86,1.799,0.061,34.075,41.321,7.246,5.517,89.666,89.047,47,6.252,0.998,47.573,0.4,,0,True,resolved,,,94.229,16.997,16.274,16.999,70.564,0.153,0.112,5.633,1.068,False,4.073,0.768,0,0.0,plain_fresh_no_template,True,0,0,0,0,0,0,[],1.068,0,0,[],runs/ordinary_gpu_probe_20261002/closed_snapshots/gpu1003-conan15422-qwen36-a1/queue_qwen_first10_v1/results/gpu1003-conan15422-qwen36-a1/attempt/attempt.json,runs/ordinary_gpu_probe_20261002/closed_snapshots/gpu1003-conan15422-qwen36-a1/queue_qwen_first10_v1/results/gpu1003-conan15422-qwen36-a1/grading/eval_logs/evallog_gpu1003-conan15422-qwen3_f5085a01.eval.log
dask__dask-7138,SWE-Gym,Dask,gpu1003-dask7138-coder-a1,coder,completed,82.999,0.021,1.264,11.49,11.391,6304,3.555,0.121,0.19,22.642,1.801,1.741,0.06,24.443,31.833,7.39,5.517,45.049,44.374,25,6.117,0.98,37.95,0.333,,0,True,failed_to_grade,infra_failure,grading_control_surface_protect_timeout_after_300s,313.299,12.267,11.552,12.268,300.486,0.122,0.273,,,,,,0,0.0,plain_fresh_no_template,False,0,0,0,0,0,0,[],,0,0,[],runs/ordinary_gpu_probe_20261002/closed_snapshots/gpu1003-dask7138-coder-a1/queue_v26/results/gpu1003-dask7138-coder-a1/attempt/attempt.json,runs/ordinary_gpu_probe_20261002/closed_snapshots/gpu1003-dask7138-coder-a1/queue_v26/results/gpu1003-dask7138-coder-a1/grading/eval_logs/evallog_gpu1003-dask7138-coder-a_0dad7b25.eval.log
dask__dask-7138,SWE-Gym,Dask,gpu1003-dask7138-qwen36-a1,qwen36,completed,61.84,0.019,1.295,11.515,11.419,6304,3.675,0.118,0.18,22.782,1.815,1.754,0.061,24.597,31.87,7.273,5.493,23.262,22.627,20,6.708,1.561,38.578,0.328,,0,True,resolved,,,487.486,12.371,11.579,12.372,464.814,0.122,0.121,9.367,1.569,False,7.222,0.69,0,0.0,plain_fresh_no_template,False,0,0,0,0,0,0,[],1.569,0,0,[],runs/ordinary_gpu_probe_20261002/closed_snapshots/gpu1003-dask7138-qwen36-a1/queue_qwen_dask4_r25_code9_v1/results/gpu1003-dask7138-qwen36-a1/attempt/attempt.json,runs/ordinary_gpu_probe_20261002/closed_snapshots/gpu1003-dask7138-qwen36-a1/queue_qwen_dask4_r25_code9_v1/results/gpu1003-dask7138-qwen36-a1/grading/eval_logs/evallog_gpu1003-dask7138-qwen36-_a2437547.eval.log
dask__dask-7305,SWE-Gym,Dask,gpu1003-dask7305-coder-a1,coder,completed,314.286,0.02,1.359,11.554,11.456,6357,3.849,0.123,0.19,23.084,1.755,1.694,0.061,24.839,32.15,7.311,5.512,275.971,275.322,59,6.165,1.016,38.315,0.332,631.373,0,True,failed_to_grade,infra_failure,grading_control_surface_protect_timeout_after_300s,315.242,13.646,11.599,13.647,300.495,0.122,0.85,,,,,,0,1.242,plain_fresh_no_template,False,0,0,0,0,0,0,[],,0,0,[],runs/ordinary_gpu_probe_20261002/remote/queue_v23/results/gpu1003-dask7305-coder-a1/attempt/attempt.json,runs/ordinary_gpu_probe_20261002/remote/queue_v23/results/gpu1003-dask7305-coder-a1/grading/eval_logs/evallog_gpu1003-dask7305-coder-a_0163622a.eval.log
dask__dask-7305,SWE-Gym,Dask,gpu1003-dask7305-qwen36-a1,qwen36,completed,155.723,0.021,1.221,11.616,11.522,6357,3.931,0.119,0.185,23.08,1.802,1.741,0.061,24.882,32.091,7.209,5.497,117.479,116.863,39,6.153,0.973,38.244,0.334,,0,True,unresolved,tests_failed,,508.037,12.428,11.576,12.43,477.917,0.121,0.124,16.765,0.887,False,15.174,0.68,0,0.0,plain_fresh_no_template,False,0,0,0,0,0,0,[],0.887,0,0,[],runs/ordinary_gpu_probe_20261002/closed_snapshots/gpu1003-dask7305-qwen36-a1/queue_qwen_dask4_r25_code9_v1/results/gpu1003-dask7305-qwen36-a1/attempt/attempt.json,runs/ordinary_gpu_probe_20261002/closed_snapshots/gpu1003-dask7305-qwen36-a1/queue_qwen_dask4_r25_code9_v1/results/gpu1003-dask7305-qwen36-a1/grading/eval_logs/evallog_gpu1003-dask7305-qwen36-_85f0af94.eval.log
dask__dask-7656,SWE-Gym,Dask,gpu1003-dask7656-coder-a1,coder,completed,97.947,0.02,1.222,11.683,11.586,6506,3.787,0.122,0.189,23.024,1.768,1.709,0.059,24.792,32.018,7.226,5.5,59.821,59.211,34,6.108,0.943,38.126,0.335,487.865,0,True,resolved,,,387.646,12.551,11.814,12.552,366.715,0.123,0.469,5.845,3.678,False,1.533,1.942,0,0.0,plain_fresh_no_template,False,0,0,0,0,0,0,[],3.678,0,0,[],runs/ordinary_gpu_probe_20261002/remote/queue_v17/results/gpu1003-dask7656-coder-a1/attempt/attempt.json,runs/ordinary_gpu_probe_20261002/remote/queue_v17/results/gpu1003-dask7656-coder-a1/grading/eval_logs/evallog_gpu1003-dask7656-coder-a_87804fb0.eval.log
dask__dask-7656,SWE-Gym,Dask,gpu1003-dask7656-qwen36-a1,qwen36,completed,63.257,0.02,1.199,11.746,11.651,6506,3.581,0.128,0.188,22.832,1.762,1.703,0.059,24.594,31.805,7.211,5.499,24.962,24.36,20,6.49,1.313,38.295,0.338,,0,True,resolved,,,384.38,12.436,11.734,12.437,365.009,0.119,0.116,5.992,3.78,False,1.554,0.707,0,0.0,plain_fresh_no_template,False,0,0,0,0,0,0,[],3.78,0,0,[],runs/ordinary_gpu_probe_20261002/closed_snapshots/gpu1003-dask7656-qwen36-a1/queue_qwen_first10_v1/results/gpu1003-dask7656-qwen36-a1/attempt/attempt.json,runs/ordinary_gpu_probe_20261002/closed_snapshots/gpu1003-dask7656-qwen36-a1/queue_qwen_first10_v1/results/gpu1003-dask7656-qwen36-a1/grading/eval_logs/evallog_gpu1003-dask7656-qwen36-_95166d70.eval.log
dask__dask-8801,SWE-Gym,Dask,gpu1003-dask8801-coder-a1,coder,completed,93.962,0.021,1.327,13.156,13.055,7051,4.332,0.137,0.214,25.195,1.84,1.78,0.06,27.035,34.377,7.342,5.524,53.446,52.764,24,6.139,1.008,40.516,0.364,,0,True,failed_to_grade,infra_failure,grading_control_surface_protect_timeout_after_300s,315.804,14.876,13.139,14.877,300.51,0.139,0.118,,,,,,0,0.923,plain_fresh_no_template,False,0,0,0,0,0,0,[],,0,0,[],runs/ordinary_gpu_probe_20261002/closed_snapshots/gpu1003-dask8801-coder-a1/queue_v31/results/gpu1003-dask8801-coder-a1/attempt/attempt.json,runs/ordinary_gpu_probe_20261002/closed_snapshots/gpu1003-dask8801-coder-a1/queue_v31/results/gpu1003-dask8801-coder-a1/grading/eval_logs/evallog_gpu1003-dask8801-coder-a_cc10ae51.eval.log
dask__dask-8801,SWE-Gym,Dask,gpu1003-dask8801-qwen36-a1,qwen36,completed,98.948,0.02,1.195,13.084,12.983,7051,4.167,0.138,0.209,24.806,1.728,1.669,0.059,26.534,33.772,7.238,5.522,58.975,58.36,20,6.201,1.0,39.973,0.362,,0,True,resolved,,,387.018,13.957,13.101,13.958,369.468,0.137,0.116,2.657,0.901,False,1.167,0.682,0,0.0,plain_fresh_no_template,False,0,0,0,0,0,0,[],0.901,0,0,[],runs/ordinary_gpu_probe_20261002/closed_snapshots/gpu1003-dask8801-qwen36-a1/queue_qwen_dask4_r25_code9_v1/results/gpu1003-dask8801-qwen36-a1/attempt/attempt.json,runs/ordinary_gpu_probe_20261002/closed_snapshots/gpu1003-dask8801-qwen36-a1/queue_qwen_dask4_r25_code9_v1/results/gpu1003-dask8801-qwen36-a1/grading/eval_logs/evallog_gpu1003-dask8801-qwen36-_77927cf9.eval.log
dask__dask-9378,SWE-Gym,Dask,gpu1003-dask9378-coder-a1,coder,completed,310.755,0.025,1.263,13.733,13.626,7321,4.172,0.138,0.221,25.563,1.875,1.815,0.06,27.438,34.729,7.291,5.546,269.853,269.218,54,6.173,0.971,40.902,0.372,629.898,0,True,failed_to_grade,infra_failure,grading_control_surface_protect_timeout_after_300s,317.068,15.72,13.832,15.721,300.48,0.142,0.577,,,,,,0,1.046,plain_fresh_no_template,False,0,0,0,0,0,0,[],,0,0,[],runs/ordinary_gpu_probe_20261002/remote/queue_v23_remainder_v1/results/gpu1003-dask9378-coder-a1/attempt/attempt.json,runs/ordinary_gpu_probe_20261002/remote/queue_v23_remainder_v1/results/gpu1003-dask9378-coder-a1/grading/eval_logs/evallog_gpu1003-dask9378-coder-a_99b2114f.eval.log
dask__dask-9378,SWE-Gym,Dask,gpu1003-dask9378-qwen36-a1,qwen36,completed,150.603,0.019,1.276,13.747,13.644,7321,4.165,0.14,0.212,25.576,1.79,1.729,0.061,27.366,34.623,7.257,5.53,109.785,109.128,52,6.195,1.026,40.818,0.371,,0,True,resolved,,,406.519,14.621,13.779,14.622,383.921,0.143,0.123,6.917,1.0,False,5.302,0.793,0,0.0,plain_fresh_no_template,False,0,0,0,0,0,0,[],1.0,0,0,[],runs/ordinary_gpu_probe_20261002/closed_snapshots/gpu1003-dask9378-qwen36-a1/queue_qwen_dask4_r25_code9_v1/results/gpu1003-dask9378-qwen36-a1/attempt/attempt.json,runs/ordinary_gpu_probe_20261002/closed_snapshots/gpu1003-dask9378-qwen36-a1/queue_qwen_dask4_r25_code9_v1/results/gpu1003-dask9378-qwen36-a1/grading/eval_logs/evallog_gpu1003-dask9378-qwen36-_e96b67c1.eval.log
getmoto__moto-5406,SWE-Gym,Moto,gpu1003-moto5406-coder-a1,coder,completed,105.419,0.021,1.298,11.945,11.845,6929,14.071,0.249,0.295,33.986,1.884,1.825,0.059,35.87,43.178,7.308,5.607,55.803,55.143,19,6.438,1.098,49.616,0.567,335.1,0,True,resolved,,,227.755,12.696,11.912,12.7,207.715,0.253,0.182,6.11,2.572,False,2.942,0.795,0,0.0,plain_fresh_no_template,False,0,0,0,0,0,0,[],2.572,0,0,[],runs/ordinary_gpu_probe_20261002/remote/queue_v21/results/gpu1003-moto5406-coder-a1/attempt/attempt.json,runs/ordinary_gpu_probe_20261002/remote/queue_v21/results/gpu1003-moto5406-coder-a1/grading/eval_logs/evallog_gpu1003-moto5406-coder-a_3a3f1f3d.eval.log
getmoto__moto-5406,SWE-Gym,Moto,gpu1003-moto5406-qwen36-a1,qwen36,completed,112.879,0.019,1.164,11.277,11.185,6929,12.432,0.229,0.254,31.337,1.843,1.78,0.063,33.18,40.707,7.527,5.554,64.795,64.183,25,7.377,1.948,48.084,0.612,333.222,0,True,resolved,,,218.598,12.715,11.84,12.719,194.317,0.306,0.127,5.971,2.621,False,2.739,5.158,0,0.0,plain_fresh_no_template,False,0,0,0,0,0,0,[],2.621,0,0,[],runs/ordinary_gpu_probe_20261002/remote/queue_v12/results/gpu1003-moto5406-qwen36-a1/attempt/attempt.json,runs/ordinary_gpu_probe_20261002/remote/queue_v12/results/gpu1003-moto5406-qwen36-a1/grading/eval_logs/evallog_gpu1003-moto5406-qwen36-_b7baaa93.eval.log
getmoto__moto-5960,SWE-Gym,Moto,gpu1003-moto5960-coder-a1,coder,completed,115.19,0.021,1.239,13.285,13.183,7347,15.823,0.264,0.308,37.068,1.842,1.782,0.06,38.91,46.197,7.287,5.63,62.382,61.742,32,6.611,1.204,52.808,0.597,,0,True,resolved,,,254.615,14.373,13.555,14.377,219.548,0.261,0.233,18.94,4.727,False,13.617,1.256,0,0.0,plain_fresh_no_template,True,0,0,0,0,0,0,"[""moto""]",4.727,0,0,[],runs/ordinary_gpu_probe_20261002/closed_snapshots/gpu1003-moto5960-coder-a1/queue_v27/results/gpu1003-moto5960-coder-a1/attempt/attempt.json,runs/ordinary_gpu_probe_20261002/closed_snapshots/gpu1003-moto5960-coder-a1/queue_v27/results/gpu1003-moto5960-coder-a1/grading/eval_logs/evallog_gpu1003-moto5960-coder-a_a1ba1c54.eval.log
getmoto__moto-5960,SWE-Gym,Moto,gpu1003-moto5960-qwen36-a1,qwen36,completed,116.554,0.021,1.279,13.342,13.238,7347,15.158,0.265,0.331,36.486,1.84,1.773,0.067,38.326,45.629,7.303,5.641,64.4,63.761,25,6.525,1.091,52.154,0.622,,0,True,resolved,,,248.829,14.11,13.271,14.114,215.136,0.255,0.125,18.378,4.654,False,13.118,0.821,0,0.0,plain_fresh_no_template,True,0,0,0,0,0,0,"[""moto""]",4.654,0,0,[],runs/ordinary_gpu_probe_20261002/closed_snapshots/gpu1003-moto5960-qwen36-a1/queue_qwen_next12_v1/results/gpu1003-moto5960-qwen36-a1/attempt/attempt.json,runs/ordinary_gpu_probe_20261002/closed_snapshots/gpu1003-moto5960-qwen36-a1/queue_qwen_next12_v1/results/gpu1003-moto5960-qwen36-a1/grading/eval_logs/evallog_gpu1003-moto5960-qwen36-_626a33d1.eval.log
getmoto__moto-6114,SWE-Gym,Moto,gpu1003-moto6114-qwen36-a1,qwen36,completed,230.319,0.02,1.229,14.045,13.939,7454,15.886,0.335,0.392,38.138,1.842,1.769,0.073,39.98,50.054,10.074,5.706,173.285,172.659,56,6.98,1.353,57.034,0.782,463.672,0,True,resolved,,,231.697,15.066,14.231,15.072,206.213,0.329,0.125,5.047,0.63,False,3.807,4.911,1,0.0,plain_fresh_no_template,True,0,0,0,0,0,0,[],0.63,0,0,[],runs/ordinary_gpu_probe_20261002/remote/queue_v12/results/gpu1003-moto6114-qwen36-a1/attempt/attempt.json,runs/ordinary_gpu_probe_20261002/remote/queue_v12/results/gpu1003-moto6114-qwen36-a1/grading/eval_logs/evallog_gpu1003-moto6114-qwen36-_c85fedb2.eval.log
getmoto__moto-6114,SWE-Gym,Moto,gpu1003-moto6114-neptune37-coder-a1,coder,completed,113.079,0.02,1.262,13.988,13.883,7454,16.437,0.324,0.379,38.585,1.789,1.728,0.061,40.374,47.658,7.284,5.693,58.622,57.988,18,6.799,1.264,54.457,0.706,364.18,0,True,resolved,,,249.361,14.97,14.126,14.975,223.799,0.319,0.273,9.309,4.812,False,3.902,0.686,0,0.0,plain_fresh_no_template,True,0,0,0,0,0,0,"[""moto""]",4.812,0,0,[],runs/ordinary_gpu_probe_20261002/remote/queue_v22/results/gpu1003-moto6114-neptune37-coder-a1/attempt/attempt.json,runs/ordinary_gpu_probe_20261002/remote/queue_v22/results/gpu1003-moto6114-neptune37-coder-a1/grading/eval_logs/evallog_gpu1003-moto6114-neptune_548044b0.eval.log
getmoto__moto-6114,SWE-Gym,Moto,gpu1003-moto6114-neptune37-qwen36-a1,qwen36,completed,145.002,0.021,1.229,13.909,13.803,7454,16.016,0.323,0.378,38.038,1.968,1.906,0.062,40.006,47.251,7.245,5.685,90.816,90.184,42,6.935,1.389,54.186,0.728,,0,True,resolved,,,247.499,14.797,13.913,14.803,222.35,0.312,0.118,9.132,4.567,False,3.974,0.784,0,0.0,plain_fresh_no_template,True,0,0,0,0,0,0,"[""moto""]",4.567,0,0,[],runs/ordinary_gpu_probe_20261002/closed_snapshots/gpu1003-moto6114-neptune37-qwen36-a1/queue_qwen_first10_v1/results/gpu1003-moto6114-neptune37-qwen36-a1/attempt/attempt.json,runs/ordinary_gpu_probe_20261002/closed_snapshots/gpu1003-moto6114-neptune37-qwen36-a1/queue_qwen_first10_v1/results/gpu1003-moto6114-neptune37-qwen36-a1/grading/eval_logs/evallog_gpu1003-moto6114-neptune_d54968d8.eval.log
getmoto__moto-6185,SWE-Gym,Moto,gpu1003-moto6185-coder-a1,coder,completed,232.702,0.02,1.288,14.23,14.123,7501,16.239,0.327,0.387,38.665,1.794,1.735,0.059,40.459,47.735,7.276,5.707,177.649,177.038,61,7.318,1.541,55.053,0.867,,0,True,unresolved,tests_failed,,212.537,17.337,16.41,17.342,184.152,0.368,0.751,9.153,5.331,False,3.241,0.771,0,0.0,plain_fresh_no_template,True,0,0,0,0,0,0,"[""moto""]",5.331,0,0,[],runs/ordinary_gpu_probe_20261002/closed_snapshots/gpu1003-moto6185-coder-a1/queue_v27/results/gpu1003-moto6185-coder-a1/attempt/attempt.json,runs/ordinary_gpu_probe_20261002/closed_snapshots/gpu1003-moto6185-coder-a1/queue_v27/results/gpu1003-moto6185-coder-a1/grading/eval_logs/evallog_gpu1003-moto6185-coder-a_f8807477.eval.log
getmoto__moto-6185,SWE-Gym,Moto,gpu1003-moto6185-qwen36-a1,qwen36,completed,338.317,0.02,1.259,14.339,14.233,7501,15.741,0.329,0.382,38.229,1.764,1.703,0.061,39.993,47.243,7.25,5.694,284.064,283.437,73,7.01,1.367,54.253,0.786,,0,True,resolved,,,239.966,15.38,14.453,15.385,214.877,0.354,0.139,8.387,4.744,False,3.04,0.824,0,0.0,plain_fresh_no_template,True,0,0,0,0,0,0,"[""moto""]",4.744,0,0,[],runs/ordinary_gpu_probe_20261002/closed_snapshots/gpu1003-moto6185-qwen36-a1/queue_qwen_next12_v1/results/gpu1003-moto6185-qwen36-a1/attempt/attempt.json,runs/ordinary_gpu_probe_20261002/closed_snapshots/gpu1003-moto6185-qwen36-a1/queue_qwen_next12_v1/results/gpu1003-moto6185-qwen36-a1/grading/eval_logs/evallog_gpu1003-moto6185-qwen36-_1404c712.eval.log
getmoto__moto-6408,SWE-Gym,Moto,gpu1003-moto6408-coder-a1,coder,completed,107.667,0.021,1.267,15.302,15.197,7671,16.536,0.336,0.403,40.055,1.914,1.855,0.059,41.969,49.222,7.253,5.726,51.572,50.954,22,6.873,1.28,56.095,0.757,,0,True,resolved,,,250.177,16.361,15.488,16.365,219.536,0.338,0.22,12.217,5.431,False,6.186,1.501,0,0.0,plain_fresh_no_template,True,0,0,0,0,0,0,"[""moto""]",5.431,0,0,[],runs/ordinary_gpu_probe_20261002/closed_snapshots/gpu1003-moto6408-coder-a1/queue_v27/results/gpu1003-moto6408-coder-a1/attempt/attempt.json,runs/ordinary_gpu_probe_20261002/closed_snapshots/gpu1003-moto6408-coder-a1/queue_v27/results/gpu1003-moto6408-coder-a1/grading/eval_logs/evallog_gpu1003-moto6408-coder-a_41fb3a72.eval.log
getmoto__moto-6408,SWE-Gym,Moto,gpu1003-moto6408-qwen36-a1,qwen36,completed,286.697,0.025,1.23,15.185,15.079,7671,16.782,0.33,0.397,40.136,1.817,1.756,0.061,41.953,49.224,7.271,5.72,230.702,230.07,37,6.771,1.2,55.995,0.734,,0,True,resolved,,,235.353,15.871,15.085,15.876,206.424,0.321,0.116,11.8,4.781,False,6.418,0.816,0,0.0,plain_fresh_no_template,True,0,0,0,0,0,0,"[""moto""]",4.781,0,0,[],runs/ordinary_gpu_probe_20261002/closed_snapshots/gpu1003-moto6408-qwen36-a1/queue_qwen_next12_v1/results/gpu1003-moto6408-qwen36-a1/attempt/attempt.json,runs/ordinary_gpu_probe_20261002/closed_snapshots/gpu1003-moto6408-qwen36-a1/queue_qwen_next12_v1/results/gpu1003-moto6408-qwen36-a1/grading/eval_logs/evallog_gpu1003-moto6408-qwen36-_65e9a27c.eval.log
getmoto__moto-7584,SWE-Gym,Moto,gpu1003-moto7584-coder-a1,coder,completed,227.198,0.019,1.225,21.082,20.971,8558,21.366,0.4,0.44,50.744,1.813,1.755,0.058,52.557,59.775,7.218,5.757,68.252,67.639,33,99.171,93.254,158.946,0.984,,0,True,resolved,,,265.396,29.767,21.368,29.773,225.873,0.396,0.316,6.718,4.922,False,1.008,2.32,0,0.0,plain_fresh_no_template,True,0,0,0,0,0,0,"[""moto""]",4.922,0,0,[],runs/ordinary_gpu_probe_20261002/closed_snapshots/gpu1003-moto7584-coder-a1/queue_v25/results/gpu1003-moto7584-coder-a1/attempt/attempt.json,runs/ordinary_gpu_probe_20261002/closed_snapshots/gpu1003-moto7584-coder-a1/queue_v25/results/gpu1003-moto7584-coder-a1/grading/eval_logs/evallog_gpu1003-moto7584-coder-a_6373df26.eval.log
getmoto__moto-7584,SWE-Gym,Moto,gpu1003-moto7584-qwen36-a1,qwen36,completed,114.154,0.021,1.213,21.126,21.017,8558,17.891,0.39,0.482,47.374,1.893,1.831,0.062,49.267,56.54,7.273,5.798,50.677,50.065,15,6.937,1.261,63.477,0.824,,0,True,resolved,,,244.301,22.471,21.686,22.476,213.861,0.401,0.145,6.6,4.824,False,1.001,0.818,0,0.0,plain_fresh_no_template,True,0,0,0,0,0,0,"[""moto""]",4.824,0,0,[],runs/ordinary_gpu_probe_20261002/closed_snapshots/gpu1003-moto7584-qwen36-a1/queue_qwen_next12_v1/results/gpu1003-moto7584-qwen36-a1/attempt/attempt.json,runs/ordinary_gpu_probe_20261002/closed_snapshots/gpu1003-moto7584-qwen36-a1/queue_qwen_next12_v1/results/gpu1003-moto7584-qwen36-a1/grading/eval_logs/evallog_gpu1003-moto7584-qwen36-_ffb6f498.eval.log
iterative__dvc-4166,SWE-Gym,DVC,gpu1003-dvc4166-coder-a1,coder,completed,329.565,0.02,1.279,13.02,12.909,5625,2.665,0.117,0.185,23.368,1.98,1.918,0.062,25.348,32.694,7.346,5.542,290.48,289.825,90,6.391,1.091,39.085,0.367,,0,True,unresolved,tests_failed,,277.491,14.128,13.451,14.13,252.203,0.117,1.461,7.405,3.132,False,3.675,2.175,0,0.0,plain_fresh_no_template,True,0,0,0,0,0,0,"[""dvc""]",3.132,0,0,[],runs/ordinary_gpu_probe_20261002/closed_snapshots/gpu1003-dvc4166-coder-a1/queue_v27/results/gpu1003-dvc4166-coder-a1/attempt/attempt.json,runs/ordinary_gpu_probe_20261002/closed_snapshots/gpu1003-dvc4166-coder-a1/queue_v27/results/gpu1003-dvc4166-coder-a1/grading/eval_logs/evallog_gpu1003-dvc4166-coder-a1_38f5eaf5.eval.log
iterative__dvc-4166,SWE-Gym,DVC,gpu1003-dvc4166-qwen36-a1,qwen36,completed,236.934,0.022,1.208,12.421,12.317,5625,3.575,0.103,0.166,23.448,1.849,1.789,0.06,25.297,32.545,7.248,5.475,198.31,197.657,68,6.079,0.949,38.624,0.307,,0,True,unresolved,tests_failed,,267.749,13.227,12.459,13.228,246.668,0.101,0.127,6.841,2.887,False,3.371,0.784,0,0.0,plain_fresh_no_template,True,0,0,0,0,0,0,"[""dvc""]",2.887,0,0,[],runs/ordinary_gpu_probe_20261002/closed_snapshots/gpu1003-dvc4166-qwen36-a1/queue_qwen_next12_v1/results/gpu1003-dvc4166-qwen36-a1/attempt/attempt.json,runs/ordinary_gpu_probe_20261002/closed_snapshots/gpu1003-dvc4166-qwen36-a1/queue_qwen_next12_v1/results/gpu1003-dvc4166-qwen36-a1/grading/eval_logs/evallog_gpu1003-dvc4166-qwen36-a_e435190f.eval.log
iterative__dvc-5839,SWE-Gym,DVC,gpu1003-dvc5839-qwen36-a1,qwen36,completed,63.98,0.02,1.26,13.667,13.567,6513,4.769,0.109,0.162,25.953,1.997,1.939,0.058,27.95,37.842,9.892,5.458,19.362,18.727,15,6.776,1.685,44.618,0.304,,0,True,resolved,,,243.859,14.235,13.457,14.236,219.595,0.107,0.118,6.049,4.091,False,1.253,3.754,0,0.0,plain_fresh_no_template,True,0,0,0,0,0,0,"[""dvc""]",4.091,0,0,[],runs/ordinary_gpu_probe_20261002/remote/queue_v13/results/gpu1003-dvc5839-qwen36-a1/attempt/attempt.json,runs/ordinary_gpu_probe_20261002/remote/queue_v13/results/gpu1003-dvc5839-qwen36-a1/grading/eval_logs/evallog_gpu1003-dvc5839-qwen36-a_9216bcaf.eval.log
iterative__dvc-5839,SWE-Gym,DVC,gpu1003-dvc5839-coder-a1,coder,completed,72.367,0.02,1.243,13.207,13.104,6513,4.749,0.13,0.176,25.507,1.839,1.778,0.061,27.346,34.573,7.227,5.498,30.755,30.139,21,7.039,1.888,41.612,0.315,327.129,0,True,resolved,,,253.002,14.001,13.209,14.003,231.836,0.109,0.289,4.686,3.114,False,1.035,2.079,0,0.0,plain_fresh_no_template,True,0,0,0,0,0,0,"[""dvc""]",3.114,0,0,[],runs/ordinary_gpu_probe_20261002/remote/queue_v20/results/gpu1003-dvc5839-coder-a1/attempt/attempt.json,runs/ordinary_gpu_probe_20261002/remote/queue_v20/results/gpu1003-dvc5839-coder-a1/grading/eval_logs/evallog_gpu1003-dvc5839-coder-a1_b16d5b7c.eval.log
iterative__dvc-6954,SWE-Gym,DVC,gpu1003-dvc6954-coder-a1,coder,completed,100.186,0.021,1.309,14.45,14.344,7043,4.867,0.114,0.173,26.981,2.139,2.064,0.075,29.12,36.608,7.488,5.501,56.868,56.212,37,6.71,1.564,43.318,0.345,,0,True,resolved,,,223.892,15.284,14.476,15.285,201.15,0.114,0.409,5.99,3.674,False,1.679,0.944,0,0.0,plain_fresh_no_template,True,0,0,0,0,0,0,"[""dvc""]",3.674,0,0,[],runs/ordinary_gpu_probe_20261002/closed_snapshots/gpu1003-dvc6954-coder-a1/queue_v27/results/gpu1003-dvc6954-coder-a1/attempt/attempt.json,runs/ordinary_gpu_probe_20261002/closed_snapshots/gpu1003-dvc6954-coder-a1/queue_v27/results/gpu1003-dvc6954-coder-a1/grading/eval_logs/evallog_gpu1003-dvc6954-coder-a1_6c0253c6.eval.log
iterative__dvc-6954,SWE-Gym,DVC,gpu1003-dvc6954-qwen36-a1,qwen36,completed,95.067,0.021,1.232,13.919,13.814,7043,4.525,0.113,0.171,25.955,1.849,1.787,0.062,27.804,35.121,7.317,5.487,53.765,53.119,43,6.181,1.051,41.302,0.322,,0,True,resolved,,,215.181,14.747,13.971,14.748,193.954,0.114,0.122,5.447,3.316,False,1.519,0.796,0,0.0,plain_fresh_no_template,True,0,0,0,0,0,0,"[""dvc""]",3.316,0,0,[],runs/ordinary_gpu_probe_20261002/closed_snapshots/gpu1003-dvc6954-qwen36-a1/queue_qwen_next12_v1/results/gpu1003-dvc6954-qwen36-a1/attempt/attempt.json,runs/ordinary_gpu_probe_20261002/closed_snapshots/gpu1003-dvc6954-qwen36-a1/queue_qwen_next12_v1/results/gpu1003-dvc6954-qwen36-a1/grading/eval_logs/evallog_gpu1003-dvc6954-qwen36-a_ed814c93.eval.log
iterative__dvc-9395,SWE-Gym,DVC,gpu1003-dvc9395-coder-a1,coder,completed,421.67,0.021,1.332,17.799,17.681,8694,5.496,0.131,0.205,31.091,2.068,2.004,0.064,33.159,40.532,7.373,5.564,212.272,206.557,45,168.866,162.848,209.398,1.013,422.783,0,False,,,,,,,,,,,,,,,,,,,,,,,,,,,,0,0,[],runs/ordinary_gpu_probe_20261002/closed_snapshots/gpu1003-dvc9395-coder-a1/queue_v27/results/gpu1003-dvc9395-coder-a1/attempt/attempt.json,
iterative__dvc-9395,SWE-Gym,DVC,gpu1003-dvc9395-qwen36-a1,qwen36,completed,302.467,0.021,1.286,16.752,16.639,8694,5.778,0.118,0.18,30.11,1.829,1.768,0.061,31.939,39.187,7.248,5.498,257.065,256.437,89,6.215,1.046,45.402,0.322,,0,True,unresolved,tests_failed,,268.066,17.656,16.806,17.657,228.025,0.12,0.176,21.321,3.933,False,16.848,0.767,0,0.0,plain_fresh_no_template,True,0,0,0,0,0,0,"[""dvc""]",3.933,0,0,[],runs/ordinary_gpu_probe_20261002/closed_snapshots/gpu1003-dvc9395-qwen36-a1/queue_qwen_tail2_v1/results/gpu1003-dvc9395-qwen36-a1/attempt/attempt.json,runs/ordinary_gpu_probe_20261002/closed_snapshots/gpu1003-dvc9395-qwen36-a1/queue_qwen_tail2_v1/results/gpu1003-dvc9395-qwen36-a1/grading/eval_logs/evallog_gpu1003-dvc9395-qwen36-a_89f3ee6d.eval.log
pandas-dev__pandas-48106,SWE-Gym,pandas,gpu1003-pandas48106-coder-a1,coder,completed,249.682,0.02,1.235,69.335,69.121,29936,20.509,0.624,0.811,99.29,1.907,1.846,0.061,101.197,108.95,7.753,6.342,132.981,132.087,42,7.751,1.66,116.701,1.313,,0,True,unresolved,tests_failed,,1241.206,70.016,69.111,70.022,835.636,0.605,0.386,332.903,323.765,False,7.665,1.654,0,0.0,plain_fresh_no_template,False,64,42,42,0,0,0,"[""pandas""]",323.765,42,135,[],runs/ordinary_gpu_probe_20261002/closed_snapshots/gpu1003-pandas48106-coder-a1/queue_v31/results/gpu1003-pandas48106-coder-a1/attempt/attempt.json,runs/ordinary_gpu_probe_20261002/closed_snapshots/gpu1003-pandas48106-coder-a1/queue_v31/results/gpu1003-pandas48106-coder-a1/grading/eval_logs/evallog_gpu1003-pandas48106-code_05c7bb04.eval.log
pandas-dev__pandas-48106,SWE-Gym,pandas,gpu1003-pandas48106-qwen36-a1,qwen36,completed,212.527,0.02,1.175,72.359,72.145,29936,20.327,0.615,0.829,102.158,1.745,1.683,0.062,103.903,111.595,7.692,6.356,93.194,92.336,34,7.738,1.607,119.333,1.322,,0,True,unresolved,tests_failed,,1199.113,70.529,69.536,70.535,796.779,0.62,0.203,329.294,319.988,False,7.83,1.682,0,0.0,plain_fresh_no_template,False,64,42,42,0,0,0,"[""pandas""]",319.988,42,135,[],runs/ordinary_gpu_probe_20261002/closed_snapshots/gpu1003-pandas48106-qwen36-a1/queue_qwen_next12_v1/results/gpu1003-pandas48106-qwen36-a1/attempt/attempt.json,runs/ordinary_gpu_probe_20261002/closed_snapshots/gpu1003-pandas48106-qwen36-a1/queue_qwen_next12_v1/results/gpu1003-pandas48106-qwen36-a1/grading/eval_logs/evallog_gpu1003-pandas48106-qwen_82c7dbba.eval.log
pandas-dev__pandas-50319,SWE-Gym,pandas,gpu1003-pandas50319-coder-a1,coder,completed,297.536,0.019,1.214,74.051,73.83,30942,20.57,0.632,0.857,104.102,1.874,1.81,0.064,105.976,113.684,7.708,6.388,174.125,173.266,27,9.727,3.421,123.411,1.441,,0,True,resolved,,,1013.803,76.762,74.85,76.956,604.546,0.623,1.65,329.2,324.623,False,3.081,0.828,0,0.904,plain_fresh_no_template,False,66,43,43,2,0,0,"[""pandas""]",324.623,43,137,"[""pandas/_libs/tslibs/parsing.c"", ""pandas/_libs/tslibs/parsing.pyx""]",runs/ordinary_gpu_probe_20261002/closed_snapshots/gpu1003-pandas50319-coder-a1/queue_v31/results/gpu1003-pandas50319-coder-a1/attempt/attempt.json,runs/ordinary_gpu_probe_20261002/closed_snapshots/gpu1003-pandas50319-coder-a1/queue_v31/results/gpu1003-pandas50319-coder-a1/grading/eval_logs/evallog_gpu1003-pandas50319-code_e0352640.eval.log
pandas-dev__pandas-50319,SWE-Gym,pandas,gpu1003-pandas50319-qwen36-a1,qwen36,completed,506.524,0.024,1.248,73.419,73.201,30942,18.128,0.631,0.867,101.066,1.765,1.703,0.062,102.831,110.534,7.703,6.395,383.271,382.439,25,12.719,6.286,123.253,1.605,,0,True,resolved,,,994.782,74.176,73.173,74.705,591.119,0.628,5.533,321.976,317.562,False,2.989,0.821,0,0.0,plain_fresh_no_template,False,66,43,43,2,0,0,"[""pandas""]",317.562,43,137,"[""pandas/_libs/tslibs/parsing.c"", ""pandas/_libs/tslibs/parsing.pyx""]",runs/ordinary_gpu_probe_20261002/closed_snapshots/gpu1003-pandas50319-qwen36-a1/queue_qwen_next12_v1/results/gpu1003-pandas50319-qwen36-a1/attempt/attempt.json,runs/ordinary_gpu_probe_20261002/closed_snapshots/gpu1003-pandas50319-qwen36-a1/queue_qwen_next12_v1/results/gpu1003-pandas50319-qwen36-a1/grading/eval_logs/evallog_gpu1003-pandas50319-qwen_5f6a14d1.eval.log
pydantic__pydantic-5662,SWE-Gym,Pydantic,gpu1003-pydantic5662-qwen36-a1,qwen36,completed,56.769,0.02,1.309,3.242,3.155,1758,2.629,0.103,0.185,13.537,1.904,1.846,0.058,15.441,24.854,9.413,5.536,25.43,24.826,17,6.485,1.341,31.339,0.28,248.989,0,True,resolved,,,190.533,3.982,3.155,3.983,178.711,0.108,0.186,2.477,0.584,False,1.335,5.068,1,0.0,plain_fresh_no_template,True,0,0,0,0,0,0,[],0.584,0,0,[],runs/ordinary_gpu_probe_20261002/remote/queue_v12/results/gpu1003-pydantic5662-qwen36-a1/attempt/attempt.json,runs/ordinary_gpu_probe_20261002/remote/queue_v12/results/gpu1003-pydantic5662-qwen36-a1/grading/eval_logs/evallog_gpu1003-pydantic5662-qwe_9c9945a0.eval.log
pydantic__pydantic-5662,SWE-Gym,Pydantic,gpu1003-pydantic5662-coder-a1,coder,completed,65.027,0.02,1.26,3.195,3.12,1758,2.607,0.098,0.166,13.292,1.847,1.784,0.063,15.139,22.444,7.305,5.483,36.471,35.857,16,6.112,0.982,28.556,0.282,255.2,0,True,resolved,,,188.55,3.932,3.159,3.933,179.66,0.095,0.317,3.832,2.026,False,1.257,0.713,0,0.0,plain_fresh_no_template,True,0,0,0,0,0,0,"[""pydantic""]",2.026,0,0,[],runs/ordinary_gpu_probe_20261002/remote/queue_v22/results/gpu1003-pydantic5662-coder-a1/attempt/attempt.json,runs/ordinary_gpu_probe_20261002/remote/queue_v22/results/gpu1003-pydantic5662-coder-a1/grading/eval_logs/evallog_gpu1003-pydantic5662-cod_71d21029.eval.log
pydantic__pydantic-6283,SWE-Gym,Pydantic,gpu1003-pydantic6283-qwen36-a1,qwen36,completed,107.944,0.02,1.307,3.875,3.785,2106,3.36,0.106,0.173,14.823,1.877,1.818,0.059,16.7,24.326,7.626,5.498,77.6,77.003,39,6.018,0.912,30.344,0.294,295.458,0,True,resolved,,,186.033,4.399,3.671,4.4,174.621,0.099,0.098,2.258,0.577,False,1.17,4.557,1,0.0,plain_fresh_no_template,True,0,0,0,0,0,0,[],0.577,0,0,[],runs/ordinary_gpu_probe_20261002/remote/queue_v12/results/gpu1003-pydantic6283-qwen36-a1/attempt/attempt.json,runs/ordinary_gpu_probe_20261002/remote/queue_v12/results/gpu1003-pydantic6283-qwen36-a1/grading/eval_logs/evallog_gpu1003-pydantic6283-qwe_ee78b6e3.eval.log
pydantic__pydantic-6283,SWE-Gym,Pydantic,gpu1003-pydantic6283-v2-coder-a1,coder,completed,116.74,0.02,1.262,3.812,3.736,2106,3.383,0.106,0.171,14.732,1.807,1.746,0.061,16.539,23.811,7.272,5.485,86.877,86.246,40,6.052,0.918,29.863,0.31,305.61,0,True,resolved,,,187.167,4.585,3.817,4.586,177.56,0.112,0.514,3.57,2.013,False,1.01,0.825,0,0.0,plain_fresh_no_template,True,0,0,0,0,0,0,"[""pydantic""]",2.013,0,0,[],runs/ordinary_gpu_probe_20261002/remote/queue_v22/results/gpu1003-pydantic6283-v2-coder-a1/attempt/attempt.json,runs/ordinary_gpu_probe_20261002/remote/queue_v22/results/gpu1003-pydantic6283-v2-coder-a1/grading/eval_logs/evallog_gpu1003-pydantic6283-v2-_f110b66a.eval.log
pydantic__pydantic-8316,SWE-Gym,Pydantic,gpu1003-pydantic8316-coder-a1,coder,completed,74.434,0.02,1.308,4.722,4.642,2657,3.917,0.114,0.177,16.244,1.815,1.755,0.06,18.059,25.337,7.278,5.504,42.4,41.77,21,6.697,1.528,32.034,0.337,288.057,0,True,resolved,,,211.742,5.557,4.755,5.559,200.846,0.117,0.162,4.274,2.057,False,1.71,0.784,0,0.0,plain_fresh_no_template,True,0,0,0,0,0,0,"[""pydantic""]",2.057,0,0,[],runs/ordinary_gpu_probe_20261002/remote/queue_v22/results/gpu1003-pydantic8316-coder-a1/attempt/attempt.json,runs/ordinary_gpu_probe_20261002/remote/queue_v22/results/gpu1003-pydantic8316-coder-a1/grading/eval_logs/evallog_gpu1003-pydantic8316-cod_a0c72082.eval.log
pydantic__pydantic-8316,SWE-Gym,Pydantic,gpu1003-pydantic8316-qwen36-a1,qwen36,completed,63.901,0.021,1.223,4.751,4.671,2657,4.203,0.117,0.182,16.46,1.834,1.774,0.06,18.294,25.506,7.212,5.494,31.811,31.192,14,6.584,1.429,32.09,0.322,,0,True,resolved,,,212.699,5.505,4.727,5.506,201.953,0.117,0.112,4.209,2.027,False,1.674,0.802,0,0.0,plain_fresh_no_template,True,0,0,0,0,0,0,"[""pydantic""]",2.027,0,0,[],runs/ordinary_gpu_probe_20261002/closed_snapshots/gpu1003-pydantic8316-qwen36-a1/queue_qwen_first10_v1/results/gpu1003-pydantic8316-qwen36-a1/attempt/attempt.json,runs/ordinary_gpu_probe_20261002/closed_snapshots/gpu1003-pydantic8316-qwen36-a1/queue_qwen_first10_v1/results/gpu1003-pydantic8316-qwen36-a1/grading/eval_logs/evallog_gpu1003-pydantic8316-qwe_148d05e8.eval.log
pydantic__pydantic-8511,SWE-Gym,Pydantic,gpu1003-pyd8511-coder-a1,coder,completed,86.19,0.021,1.365,4.791,4.71,2692,4.159,0.117,0.195,16.617,1.833,1.771,0.062,18.45,25.699,7.249,5.506,54.39,53.763,23,6.101,0.942,31.8,0.326,,0,True,unresolved,tests_failed,,208.006,5.555,4.789,5.556,196.654,0.117,0.112,4.665,2.041,False,2.105,0.902,0,0.0,plain_fresh_no_template,True,0,0,0,0,0,0,"[""pydantic""]",2.041,0,0,[],runs/ordinary_gpu_probe_20261002/closed_snapshots/gpu1003-pyd8511-coder-a1/queue_v24/results/gpu1003-pyd8511-coder-a1/attempt/attempt.json,runs/ordinary_gpu_probe_20261002/closed_snapshots/gpu1003-pyd8511-coder-a1/queue_v24/results/gpu1003-pyd8511-coder-a1/grading/eval_logs/evallog_gpu1003-pyd8511-coder-a1_579b7ea7.eval.log
pydantic__pydantic-8511,SWE-Gym,Pydantic,gpu1003-pyd8511-qwen36-a1,qwen36,completed,143.409,0.02,1.237,4.784,4.702,2692,3.952,0.115,0.179,16.258,1.823,1.763,0.06,18.081,25.307,7.226,5.489,112.016,111.403,46,6.086,0.899,31.393,0.337,,0,True,resolved,,,186.226,5.525,4.773,5.526,173.791,0.118,0.11,5.664,2.494,False,2.565,1.017,0,0.0,plain_fresh_no_template,True,0,0,0,0,0,0,"[""pydantic""]",2.494,0,0,[],runs/ordinary_gpu_probe_20261002/closed_snapshots/gpu1003-pyd8511-qwen36-a1/queue_qwen_first10_v1/results/gpu1003-pyd8511-qwen36-a1/attempt/attempt.json,runs/ordinary_gpu_probe_20261002/closed_snapshots/gpu1003-pyd8511-qwen36-a1/queue_qwen_first10_v1/results/gpu1003-pyd8511-qwen36-a1/grading/eval_logs/evallog_gpu1003-pyd8511-qwen36-a_f1759736.eval.log
pydantic__pydantic-8567,SWE-Gym,Pydantic,gpu1003-pyd8567-coder-a1,coder,completed,108.617,0.019,1.175,5.045,4.962,2712,4.04,0.122,0.176,16.553,1.828,1.767,0.061,18.381,25.661,7.28,5.499,76.567,75.945,44,6.389,1.237,32.05,0.324,,0,True,unresolved,tests_failed,,248.402,5.599,4.847,5.601,232.447,0.118,0.465,6.943,3.629,False,2.785,2.828,0,0.0,plain_fresh_no_template,True,0,0,0,0,0,0,"[""pydantic""]",3.629,0,0,[],runs/ordinary_gpu_probe_20261002/closed_snapshots/gpu1003-pyd8567-coder-a1/queue_v24/results/gpu1003-pyd8567-coder-a1/attempt/attempt.json,runs/ordinary_gpu_probe_20261002/closed_snapshots/gpu1003-pyd8567-coder-a1/queue_v24/results/gpu1003-pyd8567-coder-a1/grading/eval_logs/evallog_gpu1003-pyd8567-coder-a1_a6470f81.eval.log
pydantic__pydantic-8567,SWE-Gym,Pydantic,gpu1003-pyd8567-qwen36-a1,qwen36,completed,128.502,0.028,1.202,5.609,5.513,2712,2.589,0.142,0.22,15.986,2.381,2.302,0.079,18.367,26.18,7.813,5.612,96.188,95.359,34,6.134,1.008,32.314,0.391,,0,True,unresolved,tests_failed,,177.341,6.399,5.613,6.401,163.034,0.139,0.135,6.585,2.621,False,3.309,1.047,0,0.0,plain_fresh_no_template,True,0,0,0,0,0,0,"[""pydantic""]",2.621,0,0,[],runs/ordinary_gpu_probe_20261002/closed_snapshots/gpu1003-pyd8567-qwen36-a1/queue_qwen_first10_v1/results/gpu1003-pyd8567-qwen36-a1/attempt/attempt.json,runs/ordinary_gpu_probe_20261002/closed_snapshots/gpu1003-pyd8567-qwen36-a1/queue_qwen_first10_v1/results/gpu1003-pyd8567-qwen36-a1/grading/eval_logs/evallog_gpu1003-pyd8567-qwen36-a_42ab78a7.eval.log
pydantic__pydantic-9066,SWE-Gym,Pydantic,gpu1003-pyd9066-coder-a1,coder,completed,80.471,0.021,1.264,5.122,5.037,2817,4.314,0.119,0.185,17.011,1.799,1.738,0.061,18.81,26.113,7.303,5.502,48.213,47.557,35,6.145,1.024,32.258,0.328,,0,True,resolved,,,217.675,5.765,5.047,5.766,204.454,0.124,0.311,6.183,2.083,False,3.581,0.837,0,0.0,plain_fresh_no_template,True,0,0,0,0,0,0,"[""pydantic""]",2.083,0,0,[],runs/ordinary_gpu_probe_20261002/closed_snapshots/gpu1003-pyd9066-coder-a1/queue_v24/results/gpu1003-pyd9066-coder-a1/attempt/attempt.json,runs/ordinary_gpu_probe_20261002/closed_snapshots/gpu1003-pyd9066-coder-a1/queue_v24/results/gpu1003-pyd9066-coder-a1/grading/eval_logs/evallog_gpu1003-pyd9066-coder-a1_32f76758.eval.log
pydantic__pydantic-9066,SWE-Gym,Pydantic,gpu1003-pyd9066-qwen36-a1,qwen36,completed,105.579,0.026,1.34,5.89,5.788,2817,3.843,0.14,0.231,17.68,2.33,2.25,0.08,20.01,27.816,7.806,5.629,71.674,70.891,42,6.089,1.036,33.905,0.36,,0,True,resolved,,,209.393,6.256,5.39,6.258,195.705,0.138,0.133,6.319,2.105,False,3.681,0.84,0,0.0,plain_fresh_no_template,True,0,0,0,0,0,0,"[""pydantic""]",2.105,0,0,[],runs/ordinary_gpu_probe_20261002/closed_snapshots/gpu1003-pyd9066-qwen36-a1/queue_qwen_first10_v1/results/gpu1003-pyd9066-qwen36-a1/attempt/attempt.json,runs/ordinary_gpu_probe_20261002/closed_snapshots/gpu1003-pyd9066-qwen36-a1/queue_qwen_first10_v1/results/gpu1003-pyd9066-qwen36-a1/grading/eval_logs/evallog_gpu1003-pyd9066-qwen36-a_39125b88.eval.log
python__mypy-10174,SWE-Gym,mypy,gpu1003-mypy10174-qwen36-a1,qwen36,completed,313.715,0.018,1.122,8.861,8.757,9401,10.709,0.193,0.238,27.054,1.655,1.599,0.056,28.709,36.07,7.361,5.525,270.669,270.101,87,6.976,1.517,43.046,0.536,405.632,0,True,resolved,,,90.284,9.795,9.04,9.816,68.17,0.19,2.386,3.515,1.362,False,1.688,6.207,1,0.0,plain_fresh_no_template,True,0,0,0,0,0,0,[],1.362,0,50,[],runs/ordinary_gpu_probe_20261002/remote/queue_v12/results/gpu1003-mypy10174-qwen36-a1/attempt/attempt.json,runs/ordinary_gpu_probe_20261002/remote/queue_v12/results/gpu1003-mypy10174-qwen36-a1/grading/eval_logs/evallog_gpu1003-mypy10174-qwen36_193cc9fb.eval.log
python__mypy-10174,SWE-Gym,mypy,gpu1003-mypy10174-coder-a1,coder,completed,191.644,0.02,1.249,9.168,9.055,9401,11.488,0.206,0.243,28.414,1.904,1.842,0.062,30.318,37.614,7.296,5.555,147.297,146.652,68,6.733,1.414,44.347,0.49,,0,True,resolved,,,93.986,10.018,9.161,10.04,74.47,0.197,3.461,5.016,2.802,False,1.695,0.802,0,0.0,plain_fresh_no_template,True,0,0,0,0,0,0,"[""mypy""]",2.802,0,50,[],runs/ordinary_gpu_probe_20261002/closed_snapshots/gpu1003-mypy10174-coder-a1/queue_v30/results/gpu1003-mypy10174-coder-a1/attempt/attempt.json,runs/ordinary_gpu_probe_20261002/closed_snapshots/gpu1003-mypy10174-coder-a1/queue_v30/results/gpu1003-mypy10174-coder-a1/grading/eval_logs/evallog_gpu1003-mypy10174-coder-_8acef403.eval.log
python__mypy-15184,SWE-Gym,mypy,gpu1003-mypy15184-coder-a1,coder,completed,97.947,0.021,1.251,13.317,13.195,11168,11.034,0.203,0.25,32.121,1.883,1.823,0.06,34.004,41.222,7.218,5.572,49.769,49.153,25,6.956,1.591,48.178,0.517,202.518,0,True,resolved,,,102.904,14.11,13.318,14.148,78.701,0.2,5.285,3.755,2.433,False,0.82,0.815,0,0.0,plain_fresh_no_template,True,0,0,0,0,0,0,"[""mypy""]",2.433,0,54,[],runs/ordinary_gpu_probe_20261002/remote/queue_v21/results/gpu1003-mypy15184-coder-a1/attempt/attempt.json,runs/ordinary_gpu_probe_20261002/remote/queue_v21/results/gpu1003-mypy15184-coder-a1/grading/eval_logs/evallog_gpu1003-mypy15184-coder-_d0af9ee3.eval.log
python__mypy-15184,SWE-Gym,mypy,gpu1003-mypy15184-qwen36-a1,qwen36,completed,109.337,0.02,1.225,14.711,14.588,11168,10.787,0.207,0.242,33.184,1.829,1.773,0.056,35.013,42.12,7.107,5.532,60.1,59.483,40,7.117,1.728,49.237,0.486,,0,True,resolved,,,96.78,15.528,14.774,15.533,74.601,0.207,0.122,3.969,2.572,False,0.862,2.348,0,0.0,plain_fresh_no_template,True,0,0,0,0,0,0,"[""mypy""]",2.572,0,54,[],runs/ordinary_gpu_probe_20261002/remote/queue_v13/results/gpu1003-mypy15184-qwen36-a1/attempt/attempt.json,runs/ordinary_gpu_probe_20261002/remote/queue_v13/results/gpu1003-mypy15184-qwen36-a1/grading/eval_logs/evallog_gpu1003-mypy15184-qwen36_11516763.eval.log
