instance_id,source,repository,n_attempts,n_gradings,n_gradings_candidate_ran,actor_git_sanitize_s_med,actor_trusted_init_s_med,actor_baseline_census_s_med,actor_network_and_container_s_med,actor_cc_bootstrap_s_med,actor_pre_launch_s_med,actor_time_to_first_model_request_s_med,actor_post_solve_approx_s_med,actor_post_quiescence_to_finish_s_med,actor_non_cc_overhead_s_med,actor_cc_duration_s_med,grading_total_s_med,grader_git_sanitize_s_med,grader_trusted_setup_s_med,install_s_med,candidate_test_s_med,grader_other_s_med,non_model_cost_per_attempt_s,grading_permission_modes,grading_image_same_as_actor_all,compile_class,compile_basis,evl_compiler_compile_max,evl_extensions_built_max,evl_cython_steps_max,install_skipped_all,intree_native_binaries,candidates_touching_native_sources,git_history_count,gradings_cut_short,missing_grading,gradings_other_flags
aiohttp__1c1c0ea353041c8814a6131c3a92978dc2373e52,R2E,aiohttp,2,2,2,4.665,61.329,0.354,1.235,1.78,75.428,82.38,7.081,1.398,89.46,84.204,94.315,4.407,58.61,,29.616,0.052,183.775,"[""plain_fresh_no_template""]",True,no (install skipped),grading install phase skipped in every grading,0,0,0,True,0,[],8136,[],[],[]
aiohttp__240da100151933883d7dea0528d45877df025b92,R2E,aiohttp,2,2,2,0.282,8.377,0.096,1.274,1.723,17.672,24.618,6.658,1.522,31.276,43.65,10.554,0.276,8.195,,0.69,0.113,41.83,"[""plain_fresh_no_template""]",True,no (install skipped),grading install phase skipped in every grading,0,0,0,True,0,[],366,[],[],"[""gpu1003-aio240d-coder-a1:failed_to_grade/test_log_parse_failed""]"
aiohttp__4075c653fb67a29740bf9ac050bb02d10a57343a,R2E,aiohttp,2,2,2,4.562,65.731,0.373,1.345,2.024,80.222,87.69,6.855,1.416,94.545,124.903,77.28,4.39,65.392,,5.742,0.053,171.825,"[""plain_fresh_no_template""]",True,no (install skipped),grading install phase skipped in every grading,0,0,0,True,0,[],7719,[],[],[]
aiohttp__618335186f22834c0d8daabcf53ccf44d42488a2,R2E,aiohttp,2,2,2,0.689,8.608,0.107,1.301,1.817,18.627,25.593,6.056,0.912,31.648,70.142,11.358,0.639,8.517,,0.651,0.112,43.006,"[""plain_fresh_no_template""]",True,no (install skipped),grading install phase skipped in every grading,0,0,0,True,0,[],1605,[],[],"[""gpu1003-aiohttp6183-coder-a1:failed_to_grade/test_log_parse_failed""]"
coveragepy__016af5f6352d69206ac8f7537c2b18828767bcae,R2E,coveragepy,2,2,2,2.398,25.72,0.211,1.357,1.947,37.686,44.913,6.738,1.43,51.651,62.834,31.242,2.124,25.036,,2.594,0.056,82.893,"[""plain_fresh_no_template""]",True,no (install skipped),grading install phase skipped in every grading,0,0,0,True,1,[],4440,[],[],[]
coveragepy__5dbbe1430c16fe15b553e6909be8be5f2b9b71b9,R2E,coveragepy,2,2,2,2.409,23.547,0.18,1.191,1.877,35.154,42.599,6.968,1.647,49.567,50.43,30.136,2.5,22.938,,3.213,0.053,79.703,"[""plain_fresh_no_template""]",True,no (install skipped),grading install phase skipped in every grading,0,0,0,True,1,[],4427,[],[],[]
coveragepy__ea6906b092d9bb09285094eee94e322d2cb413a5,R2E,coveragepy,3,3,3,2.758,39.532,0.286,1.24,1.763,51.768,58.864,7.182,1.997,65.562,50.441,45.223,2.704,39.345,,1.766,0.053,110.785,"[""plain_fresh_no_template""]",True,no (install skipped),grading install phase skipped in every grading,0,0,0,True,1,[],5075,[],[],[]
coveragepy__f5eb5f2159180db8cf0a1cf8b34bc96f1140dc96,R2E,coveragepy,2,2,2,2.273,24.77,0.188,1.255,1.858,36.461,43.483,6.704,1.399,50.186,58.396,29.835,2.157,24.255,,2.002,0.05,80.021,"[""plain_fresh_no_template""]",True,no (install skipped),grading install phase skipped in every grading,0,0,0,True,1,[],4503,[],[],[]
datalad__6b6fa3898546793fa3517def09f85a74d51ec4bb,R2E,DataLad,2,2,2,0.96,112.29,0.778,1.254,1.801,123.266,130.261,8.68,2.247,138.941,36.748,112.828,0.891,108.888,,1.264,0.051,251.769,"[""plain_fresh_no_template""]",True,no (install skipped),grading install phase skipped in every grading,0,0,0,True,0,[],2363,[],[],[]
numpy__d805e9b66228e68a0eb14d901cd350159c49af18,R2E,NumPy,2,2,2,16.439,25.271,0.468,12.829,2.363,63.828,71.263,43.024,37.478,114.288,163.637,47.838,18.216,19.245,,1.351,0.062,162.126,"[""plain_fresh_no_template""]",True,no (install skipped),grading install phase skipped in every grading,0,0,0,True,12,[],14758,[],[],[]
orange3__22e98f8f4cccc25f0d0217f9f4251b66d49b4237,R2E,orange3,2,2,2,13.667,208.691,1.304,1.207,1.905,233.222,240.502,10.16,2.739,250.663,59.413,218.112,13.056,198.637,,3.002,0.05,468.775,"[""plain_fresh_no_template""]",True,no (install skipped),grading install phase skipped in every grading,0,0,0,True,22,[],13478,[],[],[]
orange3__4014f2483e3bab0621c9ae0f994947c008183253,R2E,orange3,2,2,2,12.707,210.252,1.332,1.306,1.867,233.901,240.894,10.178,2.75,251.073,75.983,215.897,11.696,199.164,,1.514,0.052,466.97,"[""plain_fresh_no_template""]",True,no (install skipped),grading install phase skipped in every grading,0,0,0,True,22,"[""gpu1003-orange4014-qwen36-a1""]",13097,[],[],[]
orange3__50f6a758f1c66b8f4a18806714e3c2f4cefcab3e,R2E,orange3,2,2,2,12.514,238.097,1.469,1.246,1.853,261.6,268.616,11.124,3.192,279.74,74.245,263.792,12.422,243.923,,3.793,0.052,543.532,"[""plain_fresh_no_template""]",True,no (install skipped),grading install phase skipped in every grading,0,0,0,True,22,[],13880,[],[],[]
orange3__9b5494e26f407b75e79699c9d40be6df1d80a040,R2E,orange3,2,2,2,10.489,110.15,0.825,1.223,1.753,130.954,138.037,8.932,2.39,146.969,47.018,124.953,10.534,108.897,,2.477,0.056,271.922,"[""plain_fresh_no_template""]",True,no (install skipped),grading install phase skipped in every grading,0,0,0,True,11,[],12358,[],[],[]
pillow__2d01f7d02243d1b9cd3f2a3c3587d87703e00f96,R2E,Pillow,2,2,2,9.527,37.004,0.542,1.344,2.028,56.944,64.533,7.26,1.492,71.792,54.856,48.474,8.427,37.406,,0.831,0.056,120.266,"[""plain_fresh_no_template""]",True,no (install skipped),grading install phase skipped in every grading,0,0,0,True,5,[],12058,[],[],[]
pillow__3a61c9e95e5c0a2da5736956e2dbafa57a9ede07,R2E,Pillow,2,2,2,9.357,37.124,0.491,1.248,1.803,56.495,63.673,7.217,1.443,70.891,220.584,48.49,8.859,37.043,,0.718,0.05,119.381,"[""plain_fresh_no_template""]",True,no (install skipped),grading install phase skipped in every grading,0,0,0,True,5,[],13344,[],[],[]
pillow__a682ceaf47abbe28dc70c6bd4aab06f8f3f4ac90,R2E,Pillow,2,2,2,10.398,36.198,0.499,1.237,1.919,56.645,63.913,7.504,1.757,71.416,74.681,48.449,9.793,35.966,,1.07,0.052,119.865,"[""plain_fresh_no_template""]",True,no (install skipped),grading install phase skipped in every grading,0,0,0,True,5,[],15064,[],[],[]
scrapy__a95a338eeada7275a5289cf036136610ebaf07eb,R2E,Scrapy,2,2,2,3.65,24.468,0.212,1.225,1.829,37.614,44.769,7.019,1.655,51.788,28.14,31.428,3.454,25.351,,0.926,0.052,83.216,"[""plain_fresh_no_template""]",True,no (install skipped),grading install phase skipped in every grading,0,0,0,True,0,[],9381,[],[],[]
Project-MONAI__MONAI-2446,SWE-Gym,MONAI,2,2,2,5.489,5.962,0.157,1.247,1.804,20.938,28.214,6.347,1.079,34.561,61.445,414.063,5.462,381.933,14.46,7.002,1.663,448.624,"[""plain_fresh_no_template""]",True,no,no compiler/Cython/extension lines; install median 14.46s,0,0,0,False,0,[],1177,[],[],[]
Project-MONAI__MONAI-3715,SWE-Gym,MONAI,2,2,2,6.63,7.395,0.232,7.241,1.764,29.782,37.058,11.83,6.608,48.888,32.834,546.605,6.343,505.173,17.477,9.236,3.954,595.493,"[""plain_fresh_no_template""]",False,no,no compiler/Cython/extension lines; install median 17.477s,0,0,0,False,0,[],1670,[],[],[]
Project-MONAI__MONAI-6975,SWE-Gym,MONAI,2,2,2,8.448,10.387,0.212,1.224,1.837,28.445,35.713,6.463,1.144,42.175,346.936,714.928,8.412,662.39,17.011,20.199,0.837,757.103,"[""plain_fresh_no_template""]",True,no,no compiler/Cython/extension lines; install median 17.011s,0,0,0,False,0,[],2823,[],[],[]
conan-io__conan-11594,SWE-Gym,Conan,2,2,2,10.122,10.14,0.194,1.289,1.828,29.907,37.181,6.611,1.324,43.793,71.6,98.193,10.104,81.941,1.119,0.968,2.354,141.986,"[""plain_fresh_no_template""]",True,no,no compiler/Cython/extension lines; install median 1.119s,0,0,0,False,0,[],5683,[],[],[]
conan-io__conan-12397,SWE-Gym,Conan,2,2,2,10.537,10.271,0.184,1.252,1.853,30.837,38.105,7.29,1.982,45.395,41.568,94.976,10.553,79.3,1.079,0.895,1.401,140.371,"[""plain_fresh_no_template""]",False,no,no compiler/Cython/extension lines; install median 1.079s,0,0,0,False,0,[],5835,[],[],[]
conan-io__conan-13230,SWE-Gym,Conan,2,2,2,15.079,7.979,0.164,1.222,1.849,32.555,39.74,6.467,1.272,46.207,41.783,91.626,14.963,71.912,1.206,0.492,1.433,137.833,"[""plain_fresh_no_template""]",True,no,no compiler/Cython/extension lines; install median 1.206s,0,0,0,False,0,[],7250,[],[],[]
conan-io__conan-13403,SWE-Gym,Conan,2,2,2,15.045,7.42,0.167,1.332,1.916,32.165,39.514,6.496,1.32,46.011,57.39,86.266,14.591,67.772,1.095,0.457,0.811,132.277,"[""plain_fresh_no_template""]",True,no,no compiler/Cython/extension lines; install median 1.095s,0,0,0,False,0,[],7299,[],[],[]
conan-io__conan-14177,SWE-Gym,Conan,2,2,2,15.279,7.881,0.156,1.224,1.772,33.022,40.269,6.357,1.135,46.626,42.475,93.744,15.312,73.85,1.079,0.544,1.348,140.37,"[""plain_fresh_no_template""]",False,no,no compiler/Cython/extension lines; install median 1.079s,0,0,0,False,0,[],7639,[],[],[]
conan-io__conan-15422,SWE-Gym,Conan,2,2,2,16.332,8.389,0.162,1.225,1.815,34.13,41.363,6.258,1.017,47.621,89.141,97.237,16.261,72.909,1.059,4.007,1.432,144.858,"[""plain_fresh_no_template""]",True,no,no compiler/Cython/extension lines; install median 1.059s,0,0,0,False,0,[],8032,[],[],[]
dask__dask-7138,SWE-Gym,Dask,2,2,1,11.503,3.615,0.119,1.28,1.808,24.52,31.852,6.412,1.27,38.264,33.501,487.486,11.579,464.814,1.569,7.222,0.69,525.75,"[""plain_fresh_no_template""]",False,no,no compiler/Cython/extension lines; install median 1.569s,0,0,0,False,0,[],6304,"[""gpu1003-dask7138-coder-a1:grading_control_surface_protect_timeout_after_300s""]",[],[]
dask__dask-7305,SWE-Gym,Dask,2,2,1,11.585,3.89,0.121,1.29,1.778,24.861,32.12,6.159,0.994,38.279,196.093,508.037,11.576,477.917,0.887,15.174,0.68,546.316,"[""plain_fresh_no_template""]",False,no,no compiler/Cython/extension lines; install median 0.887s,0,0,0,False,0,[],6357,"[""gpu1003-dask7305-coder-a1:grading_control_surface_protect_timeout_after_300s""]",[],[]
dask__dask-7656,SWE-Gym,Dask,2,2,2,11.715,3.684,0.125,1.211,1.765,24.693,31.912,6.299,1.128,38.21,41.785,386.013,11.774,365.862,3.729,1.543,1.325,424.223,"[""plain_fresh_no_template""]",False,no,no compiler/Cython/extension lines; install median 3.729s,0,0,0,False,0,[],6506,[],[],[]
dask__dask-8801,SWE-Gym,Dask,2,2,1,13.12,4.249,0.138,1.261,1.784,26.785,34.075,6.17,1.004,40.245,55.562,387.018,13.101,369.468,0.901,1.167,0.682,427.263,"[""plain_fresh_no_template""]",False,no,no compiler/Cython/extension lines; install median 0.901s,0,0,0,False,0,[],7051,"[""gpu1003-dask8801-coder-a1:grading_control_surface_protect_timeout_after_300s""]",[],[]
dask__dask-9378,SWE-Gym,Dask,2,2,1,13.74,4.168,0.139,1.269,1.833,27.402,34.676,6.184,0.998,40.86,189.173,406.519,13.779,383.921,1.0,5.302,0.793,447.379,"[""plain_fresh_no_template""]",False,no,no compiler/Cython/extension lines; install median 1.0s,0,0,0,False,0,[],7321,"[""gpu1003-dask9378-coder-a1:grading_control_surface_protect_timeout_after_300s""]",[],[]
getmoto__moto-5406,SWE-Gym,Moto,2,2,2,11.611,13.252,0.239,1.231,1.863,34.525,41.942,6.907,1.523,48.85,59.663,223.177,11.876,201.016,2.596,2.841,2.977,272.027,"[""plain_fresh_no_template""]",False,no,no compiler/Cython/extension lines; install median 2.596s,0,0,0,False,0,[],6929,[],[],[]
getmoto__moto-5960,SWE-Gym,Moto,2,2,2,13.314,15.491,0.265,1.259,1.841,38.618,45.913,6.568,1.147,52.481,62.752,251.722,13.413,217.342,4.691,13.367,1.038,304.203,"[""plain_fresh_no_template""]",True,no,no compiler/Cython/extension lines; install median 4.691s,0,0,0,False,0,[],7347,[],[],[]
getmoto__moto-6114,SWE-Gym,Moto,3,3,3,13.988,16.016,0.324,1.229,1.842,40.006,47.658,6.935,1.353,54.457,90.184,247.499,14.126,222.35,4.567,3.902,0.784,301.956,"[""plain_fresh_no_template""]",True,no,no compiler/Cython/extension lines; install median 4.567s,0,0,0,False,0,[],7454,[],[],[]
getmoto__moto-6185,SWE-Gym,Moto,2,2,2,14.285,15.99,0.328,1.273,1.779,40.226,47.489,7.164,1.454,54.653,230.238,226.252,15.431,199.514,5.037,3.141,0.797,280.905,"[""plain_fresh_no_template""]",True,no,no compiler/Cython/extension lines; install median 5.037s,0,0,0,False,0,[],7501,[],[],[]
getmoto__moto-6408,SWE-Gym,Moto,2,2,2,15.244,16.659,0.333,1.248,1.865,41.961,49.223,6.822,1.24,56.045,140.512,242.765,15.287,212.98,5.106,6.302,1.158,298.81,"[""plain_fresh_no_template""]",True,no,no compiler/Cython/extension lines; install median 5.106s,0,0,0,False,0,[],7671,[],[],[]
getmoto__moto-7584,SWE-Gym,Moto,2,2,2,21.104,19.628,0.395,1.219,1.853,50.912,58.157,53.054,47.258,111.212,58.852,254.849,21.527,219.867,4.873,1.004,1.569,366.061,"[""plain_fresh_no_template""]",True,no,no compiler/Cython/extension lines; install median 4.873s,0,0,0,False,0,[],8558,[],[],[]
iterative__dvc-4166,SWE-Gym,DVC,2,2,2,12.72,3.12,0.11,1.244,1.914,25.322,32.62,6.235,1.02,38.855,243.741,272.62,12.955,249.435,3.01,3.523,1.479,311.475,"[""plain_fresh_no_template""]",True,no,no compiler/Cython/extension lines; install median 3.01s,0,0,0,False,0,[],5625,[],[],[]
iterative__dvc-5839,SWE-Gym,DVC,2,2,2,13.437,4.759,0.119,1.252,1.918,27.648,36.207,6.907,1.786,43.115,24.433,248.43,13.333,225.716,3.603,1.144,2.917,291.545,"[""plain_fresh_no_template""]",True,no,no compiler/Cython/extension lines; install median 3.603s,0,0,0,False,0,[],6513,[],[],[]
iterative__dvc-6954,SWE-Gym,DVC,2,2,2,14.184,4.696,0.114,1.27,1.994,28.462,35.864,6.446,1.308,42.31,54.666,219.536,14.224,197.552,3.495,1.599,0.87,261.846,"[""plain_fresh_no_template""]",True,no,no compiler/Cython/extension lines; install median 3.495s,0,0,0,False,0,[],7043,[],[],[]
iterative__dvc-9395,SWE-Gym,DVC,2,1,1,17.276,5.637,0.124,1.309,1.949,32.549,39.859,87.541,81.947,127.4,231.497,268.066,16.806,228.025,3.933,16.848,0.767,395.466,"[""plain_fresh_no_template""]",True,no,no compiler/Cython/extension lines; install median 3.933s,0,0,0,False,0,[],8694,[],"[""gpu1003-dvc9395-coder-a1""]",[]
pandas-dev__pandas-48106,SWE-Gym,pandas,2,2,2,70.847,20.418,0.619,1.205,1.826,102.55,110.273,7.745,1.633,118.017,112.212,1220.159,69.323,816.207,321.876,7.748,1.668,1338.176,"[""plain_fresh_no_template""]",False,needs compile cache,compile=64 cython=0 ext=42; install median 321.876s,64,42,0,False,42,[],29936,[],[],[]
pandas-dev__pandas-50319,SWE-Gym,pandas,2,2,2,73.735,19.349,0.631,1.231,1.82,104.404,112.109,11.223,4.853,123.332,277.853,1004.293,74.011,597.832,321.092,3.035,0.825,1127.625,"[""plain_fresh_no_template""]",False,needs compile cache,compile=66 cython=2 ext=43; install median 321.092s,66,43,2,False,43,"[""gpu1003-pandas50319-coder-a1"", ""gpu1003-pandas50319-qwen36-a1""]",30942,[],[],[]
pydantic__pydantic-5662,SWE-Gym,Pydantic,2,2,2,3.218,2.618,0.101,1.284,1.875,15.29,23.649,6.299,1.161,29.947,30.341,189.541,3.157,179.185,1.305,1.296,2.89,219.488,"[""plain_fresh_no_template""]",True,no,no compiler/Cython/extension lines; install median 1.305s,0,0,0,False,0,[],1758,[],[],[]
pydantic__pydantic-6283,SWE-Gym,Pydantic,2,2,2,3.843,3.372,0.106,1.284,1.842,16.62,24.069,6.035,0.915,30.104,81.624,186.6,3.744,176.091,1.295,1.09,2.691,216.704,"[""plain_fresh_no_template""]",True,no,no compiler/Cython/extension lines; install median 1.295s,0,0,0,False,0,[],2106,[],[],[]
pydantic__pydantic-8316,SWE-Gym,Pydantic,2,2,2,4.737,4.06,0.116,1.266,1.825,18.177,25.422,6.64,1.478,32.062,36.481,212.221,4.741,201.399,2.042,1.692,0.793,244.283,"[""plain_fresh_no_template""]",True,no,no compiler/Cython/extension lines; install median 2.042s,0,0,0,False,0,[],2657,[],[],[]
pydantic__pydantic-8511,SWE-Gym,Pydantic,2,2,2,4.787,4.056,0.116,1.301,1.828,18.265,25.503,6.094,0.92,31.596,82.583,197.116,4.781,185.222,2.268,2.335,0.96,228.712,"[""plain_fresh_no_template""]",True,no,no compiler/Cython/extension lines; install median 2.268s,0,0,0,False,0,[],2692,[],[],[]
pydantic__pydantic-8567,SWE-Gym,Pydantic,2,2,2,5.327,3.314,0.132,1.188,2.104,18.374,25.921,6.261,1.123,32.182,85.652,212.871,5.23,197.74,3.125,3.047,1.938,245.053,"[""plain_fresh_no_template""]",True,no,no compiler/Cython/extension lines; install median 3.125s,0,0,0,False,0,[],2712,[],[],[]
pydantic__pydantic-9066,SWE-Gym,Pydantic,2,2,2,5.506,4.079,0.13,1.302,2.064,19.41,26.965,6.117,1.03,33.082,59.224,213.534,5.218,200.079,2.094,3.631,0.839,246.616,"[""plain_fresh_no_template""]",True,no,no compiler/Cython/extension lines; install median 2.094s,0,0,0,False,0,[],2817,[],[],[]
python__mypy-10174,SWE-Gym,mypy,2,2,2,9.014,11.098,0.2,1.186,1.78,29.514,36.842,6.854,1.466,43.697,208.376,92.135,9.101,71.32,2.082,1.692,3.505,135.832,"[""plain_fresh_no_template""]",True,no,no compiler/Cython/extension lines; install median 2.082s,0,0,0,False,0,[],9401,[],[],[]
python__mypy-15184,SWE-Gym,mypy,2,2,2,14.014,10.911,0.205,1.238,1.856,34.508,41.671,7.037,1.659,48.707,54.318,99.842,14.046,76.651,2.502,0.841,1.581,148.549,"[""plain_fresh_no_template""]",True,no,no compiler/Cython/extension lines; install median 2.502s,0,0,0,False,0,[],11168,[],[],[]
